test,allele_LA,features_LA,iter_LA,beta_LA,pval_Holm_LA,posFrac_LA,negFrac_LA,iter,beta_HD,pval_Holm,posFrac_HD,negFrac_HD,sigType,Poly_allele_LA,Poly_features_LA,Poly_iter_LA,Poly_beta_LA,Poly_pval_Holm_LA,Poly_posFrac_LA,Poly_negFrac_LA,Poly_iter,Poly_beta_HD,Poly_pval_Holm,Poly_posFrac_HD,Poly_negFrac_HD,Poly_sigType
t20_DRB1*10:01,DRB1*10:01,t20,100.0,"-5.12 (-6.57,-3.67)",3.259823783554172e-06,0.073170731707317,0.0978835978835978,99.0,"-4.99 (-6.41,-3.58)",2.7812979461052056e-06,0.073170731707317,0.0978835978835978,High,,,,,,,,,,,,,
fx2_DQB1*03:03,DQB1*03:03,fx2,100.0,"-4.48 (-5.41,-3.54)",4.628800642548571e-16,0.1111111111111111,0.2015404364569961,97.0,"-4.48 (-5.41,-3.55)",1.0988767474509325e-15,0.1111111111111111,0.2015404364569961,High,DQB1*03:03,fx2,93.0,"-5.63 (-7.12,-4.09)",3.5624783299908866e-08,0.1111111111111111,0.2015404364569961,90.0,"-5.48 (-6.97,-4.0)",4.1523494620448205e-08,0.1111111111111111,0.2015404364569961,High
phad_DRB1*11:04,DRB1*11:04,phad,100.0,"-3.88 (-4.39,-3.37)",2.093155472878317e-44,0.2666666666666666,0.5159574468085106,100.0,"-3.91 (-4.43,-3.4)",3.40512790353026e-44,0.2666666666666666,0.5159574468085106,High,DRB1*11:04,phad,96.0,"-4.84 (-5.58,-4.1)",8.011476901421638e-33,0.2666666666666666,0.5159574468085106,100.0,"-4.84 (-5.58,-4.1)",1.5928549183172592e-32,0.2666666666666666,0.5159574468085106,High
wx1_DRB1*11:04,DRB1*11:04,wx1,100.0,"-3.35 (-3.94,-2.75)",1.8035578696106062e-22,0.1333333333333333,0.2726063829787234,100.0,"-3.4 (-4.0,-2.79)",2.4582307245541984e-22,0.1333333333333333,0.2726063829787234,High,DRB1*11:04,wx1,96.0,"-3.75 (-4.86,-2.64)",3.2347195442981042e-06,0.1333333333333333,0.2726063829787234,100.0,"-3.71 (-4.8,-2.61)",3.480470625931641e-06,0.1333333333333333,0.2726063829787234,High
wx1_DQB1*05:03,DQB1*05:03,wx1,100.0,"-3.33 (-4.0,-2.66)",4.2778013616682226e-17,0.1363636363636363,0.2683870967741935,100.0,"-3.23 (-3.86,-2.6)",2.7049033801632744e-17,0.1363636363636363,0.2683870967741935,High,,,,,,,,,,,,,
gx2_DPB1*10:01,DPB1*10:01,gx2,100.0,"-3.26 (-4.06,-2.46)",6.084708998894313e-10,0.09375,0.1294117647058823,100.0,"-3.19 (-3.97,-2.4)",7.966660911552926e-10,0.09375,0.1294117647058823,High,,,,,,,,,,,,,
fx2_DPB1*09:01,DPB1*09:01,fx2,100.0,"-3.01 (-3.61,-2.4)",8.498541746925915e-17,0.1071428571428571,0.2028608582574772,100.0,"-2.96 (-3.56,-2.37)",8.224301475341245e-17,0.1071428571428571,0.2028608582574772,High,DPB1*09:01,fx2,95.0,"-3.26 (-4.01,-2.51)",1.4081341926863513e-12,0.1071428571428571,0.2028608582574772,94.0,"-3.22 (-3.97,-2.49)",1.2795507831057462e-12,0.1071428571428571,0.2028608582574772,High
gx2_DRB1*13:03,DRB1*13:03,gx2,96.0,"-3.0 (-3.82,-2.19)",4.0224964116908727e-07,0.1052631578947368,0.1285347043701799,95.0,"-2.68 (-3.49,-1.89)",2.6456674174099463e-05,0.1052631578947368,0.1285347043701799,High,,,,,,,,,,,,,
fx5_DRB1*11:04,DRB1*11:04,fx5,91.0,"-2.61 (-3.39,-1.83)",4.1115313464630767e-05,0.0888888888888888,0.1289893617021276,91.0,"-2.67 (-3.48,-1.85)",6.245608561957629e-05,0.0888888888888888,0.1289893617021276,High,DRB1*11:04,fx5,94.0,"-3.44 (-4.59,-2.28)",0.0006496639100244,0.0888888888888888,0.1289893617021276,98.0,"-3.48 (-4.66,-2.27)",0.000589137080961,0.0888888888888888,0.1289893617021276,High
wx1_DPB1*09:01,DPB1*09:01,wx1,100.0,"-2.57 (-3.06,-2.09)",8.864916722856129e-20,0.1428571428571428,0.2691807542262678,100.0,"-2.61 (-3.09,-2.12)",2.164489954232355e-20,0.1428571428571428,0.2691807542262678,High,DPB1*09:01,wx1,95.0,"-2.42 (-3.02,-1.83)",1.1289399447667494e-10,0.1428571428571428,0.2691807542262678,94.0,"-2.44 (-3.04,-1.85)",9.163767818103452e-11,0.1428571428571428,0.2691807542262678,High
wx1_DRB1*13:03,DRB1*13:03,wx1,100.0,"-2.56 (-3.02,-2.09)",4.853902610608865e-21,0.2105263157894736,0.2660668380462725,100.0,"-2.19 (-2.63,-1.74)",1.8345299408129708e-16,0.1578947368421052,0.2673521850899742,High,DRB1*13:03,wx1,91.0,"-2.29 (-2.95,-1.63)",4.884443940191556e-07,0.2105263157894736,0.2660668380462725,57.0,"-1.87 (-2.51,-1.23)",0.0005538553472757,0.1578947368421052,0.2673521850899742,Low
fx5_DRB1*01:02,DRB1*01:02,fx5,89.0,"-2.49 (-3.26,-1.7)",0.0001473833565821,0.0869565217391304,0.127906976744186,91.0,"-2.44 (-3.22,-1.68)",9.443490590815638e-05,0.0869565217391304,0.127906976744186,Low,DRB1*01:02,fx5,100.0,"-2.82 (-3.78,-1.87)",0.0006065204273914501,0.0869565217391304,0.127906976744186,93.0,"-2.76 (-3.71,-1.82)",0.0005679615074103,0.0869565217391304,0.127906976744186,High
fx5_DRB1*04:05,DRB1*04:05,fx5,90.0,"-2.4 (-3.15,-1.67)",0.00013278662911295,0.1481481481481481,0.1259740259740259,94.0,"-2.45 (-3.2,-1.69)",8.858411423791037e-05,0.1481481481481481,0.1259740259740259,High,,,,,,,,,,,,,
gx2_DPB1*09:01,DPB1*09:01,gx2,94.0,"-2.4 (-3.1,-1.69)",1.753400859642524e-05,0.1071428571428571,0.1287386215864759,97.0,"-2.25 (-2.93,-1.58)",3.202456449324036e-05,0.1071428571428571,0.1287386215864759,High,,,,,,,,,,,,,
gx2_DQB1*03:03,DQB1*03:03,gx2,92.0,"-2.03 (-2.66,-1.41)",6.861823871079576e-05,0.1111111111111111,0.128369704749679,92.0,"-2.03 (-2.67,-1.39)",9.80858271690245e-05,0.1111111111111111,0.128369704749679,High,,,,,,,,,,,,,
phad_DQB1*05:03,DQB1*05:03,phad,100.0,"-1.86 (-2.23,-1.49)",5.985232251649836e-17,0.4545454545454545,0.5032258064516129,100.0,"-1.89 (-2.27,-1.51)",4.0821931854661934e-17,0.4545454545454545,0.5032258064516129,High,,,,,,,,,,,,,
fx2_DRB1*16:01,DRB1*16:01,fx2,89.0,"-1.71 (-2.22,-1.21)",1.1353543467137623e-05,0.1627906976744186,0.2015915119363395,93.0,"-1.69 (-2.19,-1.19)",2.151142090106032e-05,0.1666666666666666,0.2013245033112582,Low,,,,,,,,,,,,,
wx1_DPB1*13:01,DPB1*13:01,wx1,100.0,"-1.64 (-2.08,-1.22)",2.492926689233118e-08,0.1558441558441558,0.2763888888888889,99.0,"-1.56 (-1.98,-1.14)",2.3489235901764466e-07,0.1621621621621621,0.2752420470262794,High,DPB1*13:01,wx1,98.0,"-3.55 (-4.3,-2.78)",5.5626809458688606e-15,0.1558441558441558,0.2763888888888889,100.0,"-3.39 (-4.13,-2.66)",4.8351357612238904e-14,0.1621621621621621,0.2752420470262794,High
wx1_DRB1*08:04,DRB1*08:04,wx1,100.0,"-1.52 (-1.93,-1.11)",9.815364216826917e-08,0.2105263157894736,0.2660668380462725,99.0,"-1.5 (-1.91,-1.1)",1.0037731568191649e-07,0.2105263157894736,0.2660668380462725,High,,,,,,,,,,,,,
wx1_DRB1*15:02,DRB1*15:02,wx1,100.0,"-1.51 (-1.93,-1.1)",1.8882271844722078e-07,0.1724137931034483,0.2682291666666667,99.0,"-1.49 (-1.89,-1.08)",3.949569719639337e-07,0.1785714285714285,0.2678803641092327,High,,,,,,,,,,,,,
fx2_DPB1*17:01,DPB1*17:01,fx2,50.0,"-1.46 (-1.93,-0.99)",0.0004863025908339,0.1666666666666666,0.2013245033112582,99.0,"-1.63 (-2.09,-1.17)",7.643195965778912e-07,0.1538461538461538,0.2018469656992084,Low,DPB1*17:01,fx2,57.0,"-1.36 (-1.83,-0.9)",0.0003333580175876,0.1666666666666666,0.2013245033112582,100.0,"-1.62 (-2.07,-1.16)",3.357087220789676e-07,0.1538461538461538,0.2018469656992084,Low
wx1_DQB1*03:03,DQB1*03:03,wx1,98.0,"-1.36 (-1.74,-0.97)",1.7062838038231908e-06,0.2777777777777778,0.2644415917843389,97.0,"-1.35 (-1.74,-0.98)",1.3028755101726731e-06,0.2777777777777778,0.2644415917843389,High,,,,,,,,,,,,,
phad_DRB1*16:01,DRB1*16:01,phad,88.0,"-1.34 (-1.72,-0.97)",2.117343050996763e-06,0.3720930232558139,0.5092838196286472,100.0,"-1.6 (-1.99,-1.21)",2.8298482903598086e-10,0.3571428571428571,0.5099337748344371,Low,DRB1*16:01,phad,100.0,"-1.42 (-1.78,-1.07)",5.393190783139288e-10,0.3720930232558139,0.5092838196286472,100.0,"-1.7 (-2.07,-1.34)",4.718154608515613e-15,0.3571428571428571,0.5099337748344371,High
fx2_DRB1*13:03,DRB1*13:03,fx2,44.0,"-1.26 (-1.66,-0.85)",0.00036196939905925,0.2105263157894736,0.1992287917737789,100.0,"-1.54 (-1.98,-1.1)",2.192545519346951e-06,0.1578947368421052,0.2005141388174807,Low,,,,,,,,,,,,,
phad_DRB1*13:03,DRB1*13:03,phad,99.0,"-1.05 (-1.33,-0.77)",6.194605256219863e-08,0.4210526315789473,0.5038560411311054,100.0,"-1.17 (-1.47,-0.88)",2.490655384860133e-09,0.3684210526315789,0.5051413881748072,High,DRB1*13:03,phad,62.0,"-1.12 (-1.5,-0.74)",0.00048797600103870004,0.4210526315789473,0.5038560411311054,93.0,"-1.39 (-1.78,-1.0)",1.9355107267771538e-07,0.3684210526315789,0.5051413881748072,Low
phad_DRB1*04:05,DRB1*04:05,phad,98.0,"1.11 (0.8,1.42)",1.076543161808534e-06,0.5925925925925926,0.4987012987012987,95.0,"1.1 (0.78,1.41)",2.359947800986988e-06,0.5925925925925926,0.4987012987012987,High,,,,,,,,,,,,,
phad_DRB1*01:02,DRB1*01:02,phad,100.0,"1.23 (0.94,1.52)",2.552732191502878e-11,0.6956521739130435,0.4961240310077519,100.0,"1.26 (0.97,1.55)",8.331080463611206e-12,0.6956521739130435,0.4961240310077519,High,,,,,,,,,,,,,
phad_DQB1*06:03,DQB1*06:03,phad,98.0,"1.23 (0.89,1.58)",2.770439059931353e-07,0.6065573770491803,0.4932065217391304,98.0,"1.25 (0.91,1.59)",1.8005045116847477e-07,0.6065573770491803,0.4932065217391304,High,,,,,,,,,,,,,
phad_DRB1*15:02,DRB1*15:02,phad,98.0,"1.25 (0.91,1.59)",2.2737594707808906e-07,0.4827586206896552,0.5026041666666666,5.0,"1.01 (0.67,1.34)",0.0013231231858525,0.4642857142857143,0.5032509752925878,Low,,,,,,,,,,,,,
phad_DRB1*10:01,DRB1*10:01,phad,100.0,"1.31 (0.98,1.64)",1.4013879205231054e-09,0.7073170731707317,0.4907407407407407,100.0,"1.34 (1.01,1.66)",4.66865652356043e-10,0.7073170731707317,0.4907407407407407,High,DRB1*10:01,phad,97.0,"1.55 (1.16,1.94)",2.723559753786994e-10,0.7073170731707317,0.4907407407407407,99.0,"1.54 (1.16,1.91)",2.5342690348478186e-10,0.7073170731707317,0.4907407407407407,High
phad_DQA1*01:03,DQA1*01:03,phad,100.0,"1.33 (0.96,1.7)",1.6537473388845902e-07,0.5813953488372093,0.4922644163150492,98.0,"1.32 (0.96,1.68)",3.165193679412621e-07,0.5813953488372093,0.4922644163150492,High,,,,,,,,,,,,,
phad_DRB1*13:01,DRB1*13:01,phad,100.0,"1.36 (1.01,1.73)",1.4553343736401258e-08,0.6296296296296297,0.4925975773889636,99.0,"1.37 (1.01,1.72)",2.0423912720461082e-08,0.6296296296296297,0.4925975773889636,High,,,,,,,,,,,,,
phad_DRB1*08:04,DRB1*08:04,phad,100.0,"1.68 (1.31,2.05)",2.0728874546058754e-13,0.5789473684210527,0.5,100.0,"1.68 (1.31,2.05)",1.5064584710480373e-13,0.5789473684210527,0.5,High,DRB1*08:04,phad,90.0,"1.5 (1.12,1.88)",1.3445072483741508e-09,0.5789473684210527,0.5,86.0,"1.48 (1.09,1.86)",5.284907739920511e-09,0.5789473684210527,0.5,Low
phad_DRB1*13:02,DRB1*13:02,phad,100.0,"1.69 (1.34,2.04)",2.1806121071033297e-15,0.6333333333333333,0.491180461329715,100.0,"1.7 (1.34,2.06)",2.0742301962087303e-15,0.6333333333333333,0.491180461329715,High,DRB1*13:02,phad,91.0,"1.71 (1.33,2.08)",4.1726734081031486e-14,0.6333333333333333,0.491180461329715,85.0,"1.7 (1.32,2.08)",9.161705157284616e-14,0.6333333333333333,0.491180461329715,Low
phad_DQB1*06:04,DQB1*06:04,phad,100.0,"1.8 (1.48,2.14)",1.1613152410575226e-21,0.6976744186046512,0.4907161803713528,100.0,"1.79 (1.46,2.12)",5.974911217694775e-21,0.6976744186046512,0.4907161803713528,High,DQB1*06:04,phad,93.0,"1.36 (1.03,1.69)",2.7093490246743565e-11,0.6976744186046512,0.4907161803713528,97.0,"1.36 (1.03,1.69)",6.831779987424289e-11,0.6976744186046512,0.4907161803713528,High
wx1_DRB1*01:02,DRB1*01:02,wx1,100.0,"1.88 (1.54,2.23)",5.902903729540327e-21,0.4347826086956521,0.2596899224806202,100.0,"1.9 (1.55,2.25)",2.6995743298126303e-21,0.4347826086956521,0.2596899224806202,High,DRB1*01:02,wx1,100.0,"1.98 (1.55,2.41)",7.941954541027539e-15,0.4347826086956521,0.2596899224806202,99.0,"1.99 (1.56,2.42)",3.5538936694902286e-15,0.4347826086956521,0.2596899224806202,High
fx5_DPB1*04:02,DPB1*04:02,fx5,100.0,"2.52 (1.85,3.19)",2.1322940419799004e-08,0.2191780821917808,0.117403314917127,0.0,"nan (nan,nan)",0.0,0.1923076923076923,0.1221476510067114,Low,,,,,,,,,,,,,
fx2_DRB1*15:03,,,,,,,,,,,,,,DRB1*15:03,fx2,94.0,"-9.2 (-12.16,-6.21)",9.523849993749921e-05,0.1111111111111111,0.2015404364569961,92.0,"-9.23 (-12.2,-6.22)",0.00010071580344039218,0.1111111111111111,0.2015404364569961,High
fx5_DRB1*13:03,,,,,,,,,,,,,,DRB1*13:03,fx5,91.0,"-3.95 (-5.1,-2.79)",8.292472769340194e-06,0.1052631578947368,0.1272493573264781,93.0,"-3.6 (-4.71,-2.52)",1.2844064025759022e-05,0.1052631578947368,0.1272493573264781,High
fx2_DRB1*16:02,,,,,,,,,,,,,,DRB1*16:02,fx2,98.0,"-3.03 (-3.94,-2.13)",4.6181234770160464e-06,0.1217948717948717,0.2184087363494539,95.0,"-2.99 (-3.88,-2.1)",2.210024548600521e-06,0.1257861635220125,0.2178683385579937,High
t20_DRB1*01:02,,,,,,,,,,,,,,DRB1*01:02,t20,98.0,"-3.04 (-4.03,-2.05)",0.0001049528637186,0.0869565217391304,0.0968992248062015,96.0,"-2.99 (-3.97,-2.05)",7.658010655093389e-05,0.0869565217391304,0.0968992248062015,High
fx5_DQB1*06:02,,,,,,,,,,,,,,DQB1*06:02,fx5,100.0,"-2.82 (-3.74,-1.88)",0.00025481993032,0.1780821917808219,0.1215469613259668,93.0,"-2.81 (-3.76,-1.89)",0.0002700869130122,0.1780821917808219,0.1215469613259668,High
wx1_DRB1*11:01,,,,,,,,,,,,,,DRB1*11:01,wx1,100.0,"-2.49 (-3.1,-1.89)",3.4310140355743303e-11,0.2542372881355932,0.2655826558265582,100.0,"-2.49 (-3.11,-1.88)",7.837278851213001e-11,0.25,0.2659430122116689,High
fx2_DRB1*08:04,,,,,,,,,,,,,,DRB1*08:04,fx2,90.0,"-2.23 (-2.88,-1.59)",7.731580918964545e-07,0.1578947368421052,0.2005141388174807,86.0,"-2.38 (-3.06,-1.71)",3.569309870224992e-07,0.1578947368421052,0.2005141388174807,Low
fx2_DQB1*06:02,,,,,,,,,,,,,,DQB1*06:02,fx2,99.0,"-1.94 (-2.48,-1.4)",6.957163426896735e-08,0.1917808219178082,0.2002762430939226,100.0,"-1.95 (-2.49,-1.42)",6.221102687075505e-08,0.1917808219178082,0.2002762430939226,High
wx1_DRB1*13:02,,,,,,,,,,,,,,DRB1*13:02,wx1,90.0,"-2.01 (-2.56,-1.46)",2.6401844980012855e-08,0.25,0.2659430122116689,84.0,"-1.95 (-2.49,-1.41)",5.529736778795364e-08,0.25,0.2659430122116689,Low
fx2_DPB1*04:02,,,,,,,,,,,,,,DPB1*04:02,fx2,100.0,"-2.46 (-3.05,-1.87)",3.3425345639892507e-11,0.136986301369863,0.2058011049723757,9.0,"-1.53 (-2.07,-0.99)",0.0014613967439853,0.1538461538461538,0.2026845637583892,Low
t20_DQB1*06:03,,,,,,,,,,,,,,DQB1*06:03,t20,98.0,"2.74 (1.86,3.64)",0.00010025684501149698,0.1967213114754098,0.0883152173913043,95.0,"2.76 (1.87,3.65)",0.0001006762124625,0.1967213114754098,0.0883152173913043,High
t20_DRB1*13:02,,,,,,,,,,,,,,DRB1*13:02,t20,91.0,"3.2 (2.32,4.11)",2.475543039728997e-07,0.1166666666666666,0.0949796472184531,85.0,"3.27 (2.34,4.19)",2.024323764458523e-07,0.1166666666666666,0.0949796472184531,Low
fx1_DQB1*06:02,,,,,,,,,,,,,,DQB1*06:02,fx1,99.0,"7.22 (5.13,9.36)",8.401007115531318e-07,0.0958904109589041,0.0386740331491712,100.0,"7.31 (5.25,9.39)",4.793151503965262e-07,0.0958904109589041,0.0386740331491712,High
