test,allele_LA,features_LA,iter_LA,beta_LA,pval_Holm_LA,posFrac_LA,negFrac_LA,iter,beta_HD,pval_Holm,posFrac_HD,negFrac_HD,sigType
fx2_DRB1*15:03,DRB1*15:03,fx2,94.0,"-9.2 (-12.16,-6.21)",9.523849993749921e-05,0.1111111111111111,0.2015404364569961,92.0,"-9.23 (-12.2,-6.22)",0.00010071580344039218,0.1111111111111111,0.2015404364569961,High
fx2_DQB1*03:03,DQB1*03:03,fx2,93.0,"-5.63 (-7.12,-4.09)",3.5624783299908866e-08,0.1111111111111111,0.2015404364569961,90.0,"-5.48 (-6.97,-4.0)",4.1523494620448205e-08,0.1111111111111111,0.2015404364569961,High
phad_DRB1*11:04,DRB1*11:04,phad,96.0,"-4.84 (-5.58,-4.1)",8.011476901421638e-33,0.2666666666666666,0.5159574468085106,100.0,"-4.84 (-5.58,-4.1)",1.5928549183172592e-32,0.2666666666666666,0.5159574468085106,High
wx1_DRB1*11:04,DRB1*11:04,wx1,96.0,"-3.75 (-4.86,-2.64)",3.2347195442981042e-06,0.1333333333333333,0.2726063829787234,100.0,"-3.71 (-4.8,-2.61)",3.480470625931641e-06,0.1333333333333333,0.2726063829787234,High
fx5_DRB1*13:03,DRB1*13:03,fx5,91.0,"-3.95 (-5.1,-2.79)",8.292472769340194e-06,0.1052631578947368,0.1272493573264781,93.0,"-3.6 (-4.71,-2.52)",1.2844064025759022e-05,0.1052631578947368,0.1272493573264781,High
fx5_DRB1*11:04,DRB1*11:04,fx5,94.0,"-3.44 (-4.59,-2.28)",0.0006496639100244,0.0888888888888888,0.1289893617021276,98.0,"-3.48 (-4.66,-2.27)",0.000589137080961,0.0888888888888888,0.1289893617021276,High
wx1_DPB1*13:01,DPB1*13:01,wx1,98.0,"-3.55 (-4.3,-2.78)",5.5626809458688606e-15,0.1558441558441558,0.2763888888888889,100.0,"-3.39 (-4.13,-2.66)",4.8351357612238904e-14,0.1621621621621621,0.2752420470262794,High
fx2_DPB1*09:01,DPB1*09:01,fx2,95.0,"-3.26 (-4.01,-2.51)",1.4081341926863513e-12,0.1071428571428571,0.2028608582574772,94.0,"-3.22 (-3.97,-2.49)",1.2795507831057462e-12,0.1071428571428571,0.2028608582574772,High
fx2_DRB1*16:02,DRB1*16:02,fx2,98.0,"-3.03 (-3.94,-2.13)",4.6181234770160464e-06,0.1217948717948717,0.2184087363494539,95.0,"-2.99 (-3.88,-2.1)",2.210024548600521e-06,0.1257861635220125,0.2178683385579937,High
t20_DRB1*01:02,DRB1*01:02,t20,98.0,"-3.04 (-4.03,-2.05)",0.0001049528637186,0.0869565217391304,0.0968992248062015,96.0,"-2.99 (-3.97,-2.05)",7.658010655093389e-05,0.0869565217391304,0.0968992248062015,High
fx5_DQB1*06:02,DQB1*06:02,fx5,100.0,"-2.82 (-3.74,-1.88)",0.00025481993032,0.1780821917808219,0.1215469613259668,93.0,"-2.81 (-3.76,-1.89)",0.0002700869130122,0.1780821917808219,0.1215469613259668,High
fx5_DRB1*01:02,DRB1*01:02,fx5,100.0,"-2.82 (-3.78,-1.87)",0.0006065204273914501,0.0869565217391304,0.127906976744186,93.0,"-2.76 (-3.71,-1.82)",0.0005679615074103,0.0869565217391304,0.127906976744186,High
wx1_DRB1*11:01,DRB1*11:01,wx1,100.0,"-2.49 (-3.1,-1.89)",3.4310140355743303e-11,0.2542372881355932,0.2655826558265582,100.0,"-2.49 (-3.11,-1.88)",7.837278851213001e-11,0.25,0.2659430122116689,High
wx1_DPB1*09:01,DPB1*09:01,wx1,95.0,"-2.42 (-3.02,-1.83)",1.1289399447667494e-10,0.1428571428571428,0.2691807542262678,94.0,"-2.44 (-3.04,-1.85)",9.163767818103452e-11,0.1428571428571428,0.2691807542262678,High
fx2_DRB1*08:04,DRB1*08:04,fx2,90.0,"-2.23 (-2.88,-1.59)",7.731580918964545e-07,0.1578947368421052,0.2005141388174807,86.0,"-2.38 (-3.06,-1.71)",3.569309870224992e-07,0.1578947368421052,0.2005141388174807,Low
fx2_DQB1*06:02,DQB1*06:02,fx2,99.0,"-1.94 (-2.48,-1.4)",6.957163426896735e-08,0.1917808219178082,0.2002762430939226,100.0,"-1.95 (-2.49,-1.42)",6.221102687075505e-08,0.1917808219178082,0.2002762430939226,High
wx1_DRB1*13:02,DRB1*13:02,wx1,90.0,"-2.01 (-2.56,-1.46)",2.6401844980012855e-08,0.25,0.2659430122116689,84.0,"-1.95 (-2.49,-1.41)",5.529736778795364e-08,0.25,0.2659430122116689,Low
wx1_DRB1*13:03,DRB1*13:03,wx1,91.0,"-2.29 (-2.95,-1.63)",4.884443940191556e-07,0.2105263157894736,0.2660668380462725,57.0,"-1.87 (-2.51,-1.23)",0.0005538553472757,0.1578947368421052,0.2673521850899742,Low
phad_DRB1*16:01,DRB1*16:01,phad,100.0,"-1.42 (-1.78,-1.07)",5.393190783139288e-10,0.3720930232558139,0.5092838196286472,100.0,"-1.7 (-2.07,-1.34)",4.718154608515613e-15,0.3571428571428571,0.5099337748344371,High
fx2_DPB1*17:01,DPB1*17:01,fx2,57.0,"-1.36 (-1.83,-0.9)",0.0003333580175876,0.1666666666666666,0.2013245033112582,100.0,"-1.62 (-2.07,-1.16)",3.357087220789676e-07,0.1538461538461538,0.2018469656992084,Low
fx2_DPB1*04:02,DPB1*04:02,fx2,100.0,"-2.46 (-3.05,-1.87)",3.3425345639892507e-11,0.136986301369863,0.2058011049723757,9.0,"-1.53 (-2.07,-0.99)",0.0014613967439853,0.1538461538461538,0.2026845637583892,Low
phad_DRB1*13:03,DRB1*13:03,phad,62.0,"-1.12 (-1.5,-0.74)",0.00048797600103870004,0.4210526315789473,0.5038560411311054,93.0,"-1.39 (-1.78,-1.0)",1.9355107267771538e-07,0.3684210526315789,0.5051413881748072,Low
phad_DQB1*06:04,DQB1*06:04,phad,93.0,"1.36 (1.03,1.69)",2.7093490246743565e-11,0.6976744186046512,0.4907161803713528,97.0,"1.36 (1.03,1.69)",6.831779987424289e-11,0.6976744186046512,0.4907161803713528,High
phad_DRB1*08:04,DRB1*08:04,phad,90.0,"1.5 (1.12,1.88)",1.3445072483741508e-09,0.5789473684210527,0.5,86.0,"1.48 (1.09,1.86)",5.284907739920511e-09,0.5789473684210527,0.5,Low
phad_DRB1*10:01,DRB1*10:01,phad,97.0,"1.55 (1.16,1.94)",2.723559753786994e-10,0.7073170731707317,0.4907407407407407,99.0,"1.54 (1.16,1.91)",2.5342690348478186e-10,0.7073170731707317,0.4907407407407407,High
phad_DRB1*13:02,DRB1*13:02,phad,91.0,"1.71 (1.33,2.08)",4.1726734081031486e-14,0.6333333333333333,0.491180461329715,85.0,"1.7 (1.32,2.08)",9.161705157284616e-14,0.6333333333333333,0.491180461329715,Low
wx1_DRB1*01:02,DRB1*01:02,wx1,100.0,"1.98 (1.55,2.41)",7.941954541027539e-15,0.4347826086956521,0.2596899224806202,99.0,"1.99 (1.56,2.42)",3.5538936694902286e-15,0.4347826086956521,0.2596899224806202,High
t20_DQB1*06:03,DQB1*06:03,t20,98.0,"2.74 (1.86,3.64)",0.00010025684501149698,0.1967213114754098,0.0883152173913043,95.0,"2.76 (1.87,3.65)",0.0001006762124625,0.1967213114754098,0.0883152173913043,High
t20_DRB1*13:02,DRB1*13:02,t20,91.0,"3.2 (2.32,4.11)",2.475543039728997e-07,0.1166666666666666,0.0949796472184531,85.0,"3.27 (2.34,4.19)",2.024323764458523e-07,0.1166666666666666,0.0949796472184531,Low
fx1_DQB1*06:02,DQB1*06:02,fx1,99.0,"7.22 (5.13,9.36)",8.401007115531318e-07,0.0958904109589041,0.0386740331491712,100.0,"7.31 (5.25,9.39)",4.793151503965262e-07,0.0958904109589041,0.0386740331491712,High
