AlleleAllergen,iter_Mono_HLA-HD,coef_Mono_HLA-HD,lCI_Mono_HLA-HD,mCI_Mono_HLA-HD,pval_Mono_HLA-HD,iter_Mono_HLA-PRG,coef_Mono_HLA-PRG,lCI_Mono_HLA-PRG,mCI_Mono_HLA-PRG,pval_Mono_HLA-PRG,iter_Ploy_HLA-HD,coef_Ploy_HLA-HD,lCI_Ploy_HLA-HD,mCI_Ploy_HLA-HD,pval_Ploy_HLA-HD,iter_Ploy_HLA-PRG,coef_Ploy_HLA-PRG,lCI_Ploy_HLA-PRG,mCI_Ploy_HLA-PRG,pval_Ploy_HLA-PRG
fx2_DPB1*09:01,100.0,-2.9638999999999998,-3.5549999999999997,-2.3675,8.224301475341245e-17,100.0,-3.0054499999999997,-3.6075,-2.4029999999999996,8.498541746925915e-17,94.0,-3.22215,-3.9690000000000003,-2.486,1.2795507831057462e-12,95.0,-3.2605,-4.014,-2.507,1.4081341926863513e-12
fx2_DPB1*17:01,99.0,-1.6302,-2.089,-1.171,7.643195965778912e-07,50.0,-1.4632,-1.933,-0.988,0.0004863025908339,100.0,-1.61945,-2.0694999999999997,-1.159,3.357087220789676e-07,57.0,-1.3579,-1.828,-0.901,0.0003333580175876
fx2_DQB1*03:03,97.0,-4.4794,-5.412,-3.553,1.0988767474509325e-15,100.0,-4.484450000000001,-5.4079999999999995,-3.537,4.628800642548571e-16,90.0,-5.4829,-6.9665,-4.0035,4.1523494620448205e-08,93.0,-5.6281,-7.124,-4.089,3.5624783299908866e-08
fx2_DQB1*06:02,11.0,-1.5053,-2.004,-1.007,0.0026847613336574,10.0,-1.584,-2.1075,-1.0605,0.00088563687931615,100.0,-1.95175,-2.4925,-1.4165,6.221102687075505e-08,99.0,-1.9381,-2.48,-1.401,6.957163426896735e-08
fx2_DRB1*08:04,18.0,-1.75735,-2.3295000000000003,-1.1949999999999998,0.00060907695369235,18.0,-1.8153,-2.3895,-1.2435,0.00019499641146775002,86.0,-2.3840500000000002,-3.057,-1.7075,3.569309870224992e-07,90.0,-2.23265,-2.876,-1.59,7.731580918964545e-07
fx2_DRB1*13:03,100.0,-1.5425499999999999,-1.9805000000000001,-1.101,2.192545519346951e-06,44.0,-1.2567,-1.662,-0.8514999999999999,0.00036196939905925,30.0,-2.14185,-2.8865,-1.408,0.0010101695211981,,,,,
fx2_DRB1*15:03,73.0,-8.4832,-10.962,-5.999,8.408321409751634e-06,71.0,-8.548,-11.037,-6.031,8.049149889697966e-06,92.0,-9.23265,-12.2045,-6.2219999999999995,0.00010071580344039218,94.0,-9.2014,-12.1625,-6.2059999999999995,9.523849993749921e-05
fx2_DRB1*16:01,93.0,-1.6888,-2.188,-1.189,2.151142090106032e-05,89.0,-1.708,-2.224,-1.208,1.1353543467137623e-05,,,,,,1.0,-1.6999,-2.307,-1.093,0.0024729640389476
fx2_DRB1*16:02,15.0,-2.3989,-3.139,-1.679,0.0003130797732897,36.0,-2.2804,-3.0285,-1.532,0.0002847078408154,95.0,-2.9939,-3.875,-2.102,2.210024548600521e-06,98.0,-3.03485,-3.942,-2.1345,4.6181234770160464e-06
fx5_DRB1*01:02,91.0,-2.4424,-3.217,-1.683,9.443490590815638e-05,89.0,-2.4876,-3.258,-1.701,0.0001473833565821,93.0,-2.7599,-3.708,-1.822,0.0005679615074103,100.0,-2.81955,-3.781,-1.8705,0.0006065204273914501
fx5_DRB1*04:05,94.0,-2.4485,-3.2045,-1.6935,8.858411423791037e-05,90.0,-2.4006499999999997,-3.1470000000000002,-1.6695,0.00013278662911295,,,,,,,,,,
fx5_DRB1*11:04,91.0,-2.6673,-3.479,-1.846,6.245608561957629e-05,91.0,-2.6114,-3.389,-1.828,4.1115313464630767e-05,98.0,-3.4843,-4.6645,-2.2729999999999997,0.000589137080961,94.0,-3.4389000000000003,-4.594,-2.2785,0.0006496639100244
fx5_DRB1*13:03,25.0,-2.5067,-3.364,-1.672,0.0017831763516742,66.0,-2.5101,-3.311,-1.709,0.00037190619737654997,93.0,-3.5974,-4.713,-2.521,1.2844064025759022e-05,91.0,-3.949,-5.098,-2.786,8.292472769340194e-06
gx2_DPB1*09:01,97.0,-2.2489,-2.929,-1.576,3.202456449324036e-05,94.0,-2.3961,-3.098,-1.691,1.753400859642524e-05,,,,,,,,,,
gx2_DPB1*10:01,100.0,-3.18575,-3.9725,-2.3975,7.966660911552926e-10,100.0,-3.2573,-4.0649999999999995,-2.4585,6.084708998894313e-10,,,,,,,,,,
gx2_DQB1*03:03,92.0,-2.03465,-2.6660000000000004,-1.3875,9.80858271690245e-05,92.0,-2.0347,-2.662,-1.4100000000000001,6.861823871079576e-05,,,,,,,,,,
gx2_DRB1*13:03,95.0,-2.6844,-3.493,-1.892,2.6456674174099463e-05,96.0,-3.00225,-3.8155,-2.191,4.0224964116908727e-07,,,,,,,,,,
phad_DQA1*01:03,98.0,1.3172000000000001,0.9584999999999999,1.6800000000000002,3.165193679412621e-07,100.0,1.3275000000000001,0.9624999999999999,1.6975,1.6537473388845902e-07,86.0,1.4950999999999999,1.0470000000000002,1.9295,1.5537175073626143e-06,87.0,1.4747,1.052,1.906,1.7555921699335534e-06
phad_DQB1*05:03,100.0,-1.89195,-2.2699999999999996,-1.514,4.0821931854661934e-17,100.0,-1.8600500000000002,-2.229,-1.4925000000000002,5.985232251649836e-17,87.0,-2.0321,-2.496,-1.574,1.7736417318950886e-13,79.0,-2.0399,-2.491,-1.581,1.430397544866937e-13
phad_DQB1*06:03,98.0,1.25385,0.913,1.5905,1.8005045116847477e-07,98.0,1.23225,0.8915,1.5755,2.770439059931353e-07,2.0,1.1292,0.7295,1.5285000000000002,0.00205420214695925,2.0,1.15285,0.7585,1.5475,0.0012264461584688502
phad_DQB1*06:04,100.0,1.792,1.459,2.122,5.974911217694775e-21,100.0,1.8038500000000002,1.4775,2.137,1.1613152410575226e-21,97.0,1.3605,1.03,1.691,6.831779987424289e-11,93.0,1.3573,1.03,1.686,2.7093490246743565e-11
phad_DRB1*01:02,100.0,1.2588,0.968,1.548,8.331080463611206e-12,100.0,1.23055,0.9395,1.5225,2.552732191502878e-11,,,,,,,,,,
phad_DRB1*04:05,95.0,1.0952,0.782,1.407,2.359947800986988e-06,98.0,1.1078000000000001,0.796,1.4155,1.076543161808534e-06,1.0,1.027,0.689,1.365,0.000172784797332,3.0,0.9757,0.637,1.315,0.0010631880487013
phad_DRB1*08:04,100.0,1.6797499999999999,1.309,2.0515,1.5064584710480373e-13,100.0,1.6802000000000001,1.3050000000000002,2.0525,2.0728874546058754e-13,86.0,1.4777,1.0905,1.8625,5.284907739920511e-09,90.0,1.4994,1.116,1.8824999999999998,1.3445072483741508e-09
phad_DRB1*10:01,100.0,1.3377,1.0110000000000001,1.6635,4.66865652356043e-10,100.0,1.31475,0.985,1.6429999999999998,1.4013879205231054e-09,99.0,1.5355,1.159,1.908,2.5342690348478186e-10,97.0,1.5519,1.163,1.939,2.723559753786994e-10
phad_DRB1*11:04,100.0,-3.9106,-4.428,-3.396,3.40512790353026e-44,100.0,-3.88395,-4.3934999999999995,-3.3715,2.093155472878317e-44,100.0,-4.84065,-5.5760000000000005,-4.1005,1.5928549183172592e-32,96.0,-4.8352,-5.5755,-4.096500000000001,8.011476901421638e-33
phad_DRB1*13:01,99.0,1.3704,1.014,1.719,2.0423912720461082e-08,100.0,1.3639000000000001,1.009,1.7275,1.4553343736401258e-08,19.0,1.1682,0.77,1.564,0.0004622429749685,18.0,1.17035,0.769,1.5755,0.0005414378358736
phad_DRB1*13:02,100.0,1.7020499999999998,1.3435000000000001,2.059,2.0742301962087303e-15,100.0,1.6875,1.342,2.0380000000000003,2.1806121071033297e-15,85.0,1.698,1.324,2.083,9.161705157284616e-14,91.0,1.7055,1.332,2.084,4.1726734081031486e-14
phad_DRB1*13:03,100.0,-1.17295,-1.4715,-0.8755,2.490655384860133e-09,99.0,-1.0454,-1.33,-0.767,6.194605256219863e-08,93.0,-1.3878,-1.777,-0.999,1.9355107267771538e-07,62.0,-1.12375,-1.5045,-0.7444999999999999,0.00048797600103870004
phad_DRB1*15:02,5.0,1.0053,0.669,1.341,0.0013231231858525,98.0,1.2492,0.908,1.5915,2.2737594707808906e-07,5.0,1.0724,0.702,1.442,0.0008424588023618,84.0,1.23895,0.8694999999999999,1.6075,2.994441797335095e-06
phad_DRB1*16:01,100.0,-1.60035,-1.9875,-1.2105000000000001,2.8298482903598086e-10,88.0,-1.34475,-1.724,-0.969,2.117343050996763e-06,100.0,-1.6997499999999999,-2.066,-1.3355000000000001,4.718154608515613e-15,100.0,-1.4236499999999999,-1.7805,-1.0665,5.393190783139288e-10
t20_DQB1*06:03,18.0,1.71975,1.1444999999999999,2.296,0.00188541327026475,18.0,1.7461000000000002,1.1680000000000001,2.3215,0.0008984946254289999,95.0,2.7618,1.873,3.648,0.0001006762124625,98.0,2.742,1.858,3.635,0.00010025684501149698
t20_DRB1*01:02,9.0,-2.2985,-3.088,-1.509,0.0033297660383867,9.0,-2.5218,-3.394,-1.65,0.0034759162964531,96.0,-2.99285,-3.968,-2.0455,7.658010655093389e-05,98.0,-3.0381,-4.027,-2.0460000000000003,0.0001049528637186
t20_DRB1*10:01,99.0,-4.994,-6.414,-3.577,2.7812979461052056e-06,100.0,-5.12135,-6.571,-3.6675,3.259823783554172e-06,,,,,,,,,,
wx1_DPB1*09:01,100.0,-2.6071,-3.087,-2.1245000000000003,2.164489954232355e-20,100.0,-2.57475,-3.0605,-2.0895,8.864916722856129e-20,94.0,-2.4436999999999998,-3.0380000000000003,-1.8475000000000001,9.163767818103452e-11,95.0,-2.4231,-3.016,-1.827,1.1289399447667494e-10
wx1_DPB1*13:01,99.0,-1.5601,-1.983,-1.136,2.3489235901764466e-07,100.0,-1.6448999999999998,-2.081,-1.218,2.492926689233118e-08,100.0,-3.3944,-4.1335,-2.6565000000000003,4.8351357612238904e-14,98.0,-3.5482500000000003,-4.2965,-2.783,5.5626809458688606e-15
wx1_DQB1*03:03,97.0,-1.3519,-1.745,-0.975,1.3028755101726731e-06,98.0,-1.35725,-1.744,-0.9704999999999999,1.7062838038231908e-06,,,,,,,,,,
wx1_DQB1*05:03,100.0,-3.23355,-3.8615,-2.5949999999999998,2.7049033801632744e-17,100.0,-3.3278,-3.995,-2.6605,4.2778013616682226e-17,86.0,-3.1826499999999998,-4.1205,-2.208,8.634681572763938e-06,78.0,-3.1715,-4.116,-2.2065,6.75959577890267e-06
wx1_DRB1*01:02,100.0,1.9016000000000002,1.5545,2.249,2.6995743298126303e-21,100.0,1.88205,1.5354999999999999,2.2270000000000003,5.902903729540327e-21,99.0,1.9934,1.562,2.423,3.5538936694902286e-15,100.0,1.98135,1.5514999999999999,2.41,7.941954541027539e-15
wx1_DRB1*08:04,99.0,-1.5046,-1.908,-1.098,1.0037731568191649e-07,100.0,-1.52325,-1.9329999999999998,-1.112,9.815364216826917e-08,7.0,-1.4355,-1.942,-0.929,0.002584703297996,5.0,-1.4425,-1.956,-0.929,0.0022276052605651
wx1_DRB1*11:01,34.0,-1.38265,-1.8355000000000001,-0.93,0.0006563855151895,49.0,-1.3849,-1.842,-0.937,0.0004164034754724,100.0,-2.4896000000000003,-3.1065,-1.876,7.837278851213001e-11,100.0,-2.49005,-3.099,-1.887,3.4310140355743303e-11
wx1_DRB1*11:04,100.0,-3.3979,-4.005,-2.7865,2.4582307245541984e-22,100.0,-3.3455,-3.939,-2.749,1.8035578696106062e-22,100.0,-3.7095000000000002,-4.8045,-2.6085000000000003,3.480470625931641e-06,96.0,-3.7499000000000002,-4.865,-2.6375,3.2347195442981042e-06
wx1_DRB1*13:03,100.0,-2.1853,-2.628,-1.737,1.8345299408129708e-16,100.0,-2.5579,-3.0229999999999997,-2.093,4.853902610608865e-21,57.0,-1.8732,-2.512,-1.231,0.0005538553472757,91.0,-2.2888,-2.947,-1.631,4.884443940191556e-07
wx1_DRB1*15:02,99.0,-1.4861,-1.892,-1.079,3.949569719639337e-07,100.0,-1.5115500000000002,-1.9264999999999999,-1.1,1.8882271844722078e-07,77.0,-1.687,-2.233,-1.143,7.525596662823402e-05,83.0,-1.8201,-2.374,-1.275,3.7196866990176287e-06
fx2_DPB1*04:02,,,,,,11.0,-1.4587,-1.941,-0.979,0.0007713470827719,9.0,-1.5302,-2.067,-0.993,0.0014613967439853,100.0,-2.45895,-3.049,-1.8715000000000002,3.3425345639892507e-11
fx5_DPB1*04:02,,,,,,100.0,2.52175,1.849,3.1929999999999996,2.1322940419799004e-08,,,,,,,,,,
fx1_DQB1*06:02,,,,,,,,,,,100.0,7.3113,5.2455,9.387,4.793151503965262e-07,99.0,7.2242,5.132,9.362,8.401007115531318e-07
fx5_DQB1*06:02,,,,,,,,,,,93.0,-2.8077,-3.761,-1.893,0.0002700869130122,100.0,-2.8243,-3.7425,-1.877,0.00025481993032
t20_DRB1*13:02,,,,,,,,,,,85.0,3.2666,2.34,4.194,2.024323764458523e-07,91.0,3.2047,2.32,4.109,2.475543039728997e-07
wx1_DRB1*13:02,,,,,,,,,,,84.0,-1.9482,-2.4915000000000003,-1.4115,5.529736778795364e-08,90.0,-2.012,-2.5599999999999996,-1.465,2.6401844980012855e-08
