ProtRes,AFprot_hd,AFprot_prg,errorConcord,AF_diff,gene,molecule,selectedForStudy
DPA1*01:03,0.683125,0.699375,0,0.01625,DPA1,DP,0
DPA1*01:04,0.0075,0.001875,0,0.005625,DPA1,DP,0
DPA1*01:05,0.001875,0,1,0.001875,DPA1,DP,0
DPA1*01:12,0.005625,0.000625,0,0.005,DPA1,DP,0
DPA1*02:01,0.218125,0.214375,0,0.00375,DPA1,DP,0
DPA1*02:02,0.07,0.063125,0,0.006875,DPA1,DP,1
DPA1*03:01,0.00625,0,1,0.00625,DPA1,DP,0
DPA1*03:02,0.005625,0.00125,0,0.004375,DPA1,DP,0
DPA1*03:03,0.000625,0.01125,0,0.010625,DPA1,DP,0
DPA1*04:01,0.00125,0.00125,0,0,DPA1,DP,0
DPB1*01:01,0.036875,0.036875,0,0,DPB1,DP,1
DPB1*02:01,0.18125,0.18125,0,0,DPB1,DP,1
DPB1*03:01,0.035,0.113125,0,0.078125,DPB1,DP,0
DPB1*04:01,0.38125,0.381875,0,0.000625,DPB1,DP,0
DPB1*04:02,0.034375,0.048125,0,0.01375,DPB1,DP,1
DPB1*05:01,0.01,0.009375,0,0.000625,DPB1,DP,0
DPB1*09:01,0.018125,0.018125,0,0,DPB1,DP,1
DPB1*104:01,0.081875,0,1,0.081875,DPB1,DP,0
DPB1*105:01,0.01375,0,1,0.01375,DPB1,DP,0
DPB1*106:01,0.000625,0,1,0.000625,DPB1,DP,0
DPB1*10:01,0.023125,0.023125,0,0,DPB1,DP,1
DPB1*11:01,0.003125,0.003125,0,0,DPB1,DP,0
DPB1*124:01,0.000625,0,1,0.000625,DPB1,DP,0
DPB1*131:01,0.001875,0,1,0.001875,DPB1,DP,0
DPB1*133:01,0.001875,0,1,0.001875,DPB1,DP,0
DPB1*13:01,0.051875,0.05375,0,0.001875,DPB1,DP,1
DPB1*14:01,0.073125,0.07625,0,0.003125,DPB1,DP,1
DPB1*15:01,0.0075,0.0075,0,0,DPB1,DP,0
DPB1*17:01,0.024375,0.02625,0,0.001875,DPB1,DP,1
DPB1*18:01,0.00125,0.00125,0,0,DPB1,DP,0
DPB1*19:01,0.0025,0.003125,0,0.000625,DPB1,DP,0
DPB1*23:01,0.000625,0.000625,0,0,DPB1,DP,0
DPB1*24:01,0.000625,0,1,0.000625,DPB1,DP,0
DPB1*26:01,0.001875,0.001875,0,0,DPB1,DP,0
DPB1*28:01,0.000625,0.000625,0,0,DPB1,DP,0
DPB1*30:01,0.00125,0.00125,0,0,DPB1,DP,0
DPB1*34:01,0.00125,0,1,0.00125,DPB1,DP,0
DPB1*45:01,0.00375,0.00375,0,0,DPB1,DP,0
DPB1*47:01,0.00125,0.00125,0,0,DPB1,DP,0
DPB1*80:01,0.000625,0.000625,0,0,DPB1,DP,0
DPB1*81:01,0.000625,0,1,0.000625,DPB1,DP,0
DPB1*91:01,0.003125,0.003125,0,0,DPB1,DP,0
DQA1*01:01,0.031875,0.0725,0,0.040625,DQA1,DQ,1
DQA1*01:02,0.256875,0.256875,0,0,DQA1,DQ,0
DQA1*01:03,0.055625,0.055625,0,0,DQA1,DQ,1
DQA1*01:04,0.013125,0,1,0.013125,DQA1,DQ,0
DQA1*01:05,0.0275,0,1,0.0275,DQA1,DQ,0
DQA1*01:06,0.000625,0.000625,0,0,DQA1,DQ,0
DQA1*02:01,0.17625,0.17625,0,0,DQA1,DQ,1
DQA1*03:01,0.115625,0.148125,0,0.0325,DQA1,DQ,1
DQA1*03:02,0.001875,0,1,0.001875,DQA1,DQ,0
DQA1*03:03,0.030625,0,1,0.030625,DQA1,DQ,0
DQA1*04:01,0.015625,0.016875,0,0.00125,DQA1,DQ,1
DQA1*04:02,0.00125,0,1,0.00125,DQA1,DQ,0
DQA1*05:01,0.161875,0.2675,0,0.105625,DQA1,DQ,0
DQA1*05:02,0.001875,0,1,0.001875,DQA1,DQ,0
DQA1*05:05,0.100625,0,1,0.100625,DQA1,DQ,0
DQA1*05:09,0.003125,0,1,0.003125,DQA1,DQ,0
DQA1*06:01,0.005625,0.005625,0,0,DQA1,DQ,0
DQB1*02:01,0.16625,0.336875,0,0.170625,DQB1,DQ,0
DQB1*02:02,0.170625,0,1,0.170625,DQB1,DQ,0
DQB1*03:01,0.103125,0.11625,0,0.013125,DQB1,DQ,1
DQB1*03:02,0.123125,0.123125,0,0,DQB1,DQ,1
DQB1*03:03,0.01125,0.01125,0,0,DQB1,DQ,1
DQB1*03:05,0.001875,0.001875,0,0,DQB1,DQ,0
DQB1*03:19,0.0125,0,1,0.0125,DQB1,DQ,0
DQB1*03:49,0.000625,0,1,0.000625,DQB1,DQ,0
DQB1*04:02,0.025,0.025,0,0,DQB1,DQ,1
DQB1*05:01,0.063125,0.0625,0,0.000625,DQB1,DQ,1
DQB1*05:02,0.15375,0.15375,0,0,DQB1,DQ,1
DQB1*05:03,0.01375,0.01375,0,0,DQB1,DQ,1
DQB1*05:52,0.00375,0,1,0.00375,DQB1,DQ,0
DQB1*06:01,0.024375,0.024375,0,0,DQB1,DQ,1
DQB1*06:02,0.04875,0.04875,0,0,DQB1,DQ,1
DQB1*06:03,0.04,0.04,0,0,DQB1,DQ,1
DQB1*06:04,0.02875,0.02875,0,0,DQB1,DQ,1
DQB1*06:09,0.009375,0.009375,0,0,DQB1,DQ,0
DRB1*01:01,0.02125,0.02125,0,0,DRB1,DR,1
DRB1*01:02,0.014375,0.014375,0,0,DRB1,DR,1
DRB1*03:01,0.159375,0.159375,0,0,DRB1,DR,1
DRB1*03:02,0.015625,0.015625,0,0,DRB1,DR,1
DRB1*03:06,0.000625,0.000625,0,0,DRB1,DR,0
DRB1*04:01,0.008125,0.0075,0,0.000625,DRB1,DR,0
DRB1*04:02,0.045625,0.041875,0,0.00375,DRB1,DR,1
DRB1*04:03,0.058125,0.05375,0,0.004375,DRB1,DR,1
DRB1*04:04,0.004375,0.004375,0,0,DRB1,DR,0
DRB1*04:05,0.01875,0.016875,0,0.001875,DRB1,DR,1
DRB1*04:06,0.006875,0.006875,0,0,DRB1,DR,0
DRB1*04:10,0.000625,0.000625,0,0,DRB1,DR,0
DRB1*07:01,0.180625,0.150625,0,0.03,DRB1,DR,1
DRB1*08:01,0.00125,0.00125,0,0,DRB1,DR,0
DRB1*08:03,0.00125,0.00125,0,0,DRB1,DR,0
DRB1*08:04,0.011875,0.011875,0,0,DRB1,DR,1
DRB1*09:01,0.001875,0.001875,0,0,DRB1,DR,0
DRB1*10:01,0.025625,0.025625,0,0,DRB1,DR,1
DRB1*11:01,0.03875,0.038125,0,0.000625,DRB1,DR,1
DRB1*11:02,0.006875,0.006875,0,0,DRB1,DR,0
DRB1*11:03,0.003125,0.003125,0,0,DRB1,DR,0
DRB1*11:04,0.02875,0.02875,0,0,DRB1,DR,1
DRB1*11:18,0.001875,0.001875,0,0,DRB1,DR,0
DRB1*12:01,0.006875,0.006875,0,0,DRB1,DR,0
DRB1*12:02,0.004375,0.004375,0,0,DRB1,DR,0
DRB1*13:01,0.035,0.035,0,0,DRB1,DR,1
DRB1*13:02,0.04,0.04,0,0,DRB1,DR,1
DRB1*13:03,0.0125,0.0125,0,0,DRB1,DR,1
DRB1*13:05,0.000625,0.000625,0,0,DRB1,DR,0
DRB1*13:94,0.000625,0,1,0.000625,DRB1,DR,0
DRB1*14:01,0.003125,0.00875,0,0.005625,DRB1,DR,0
DRB1*14:04,0.004375,0.004375,0,0,DRB1,DR,0
DRB1*14:54,0.005625,0,1,0.005625,DRB1,DR,0
DRB1*15:01,0.05625,0.05625,0,0,DRB1,DR,1
DRB1*15:02,0.0175,0.018125,0,0.000625,DRB1,DR,1
DRB1*15:03,0.011875,0.011875,0,0,DRB1,DR,1
DRB1*15:06,0.001875,0.001875,0,0,DRB1,DR,0
DRB1*15:35,0.000625,0,1,0.000625,DRB1,DR,0
DRB1*15:96,0.00125,0.00875,0,0.0075,DRB1,DR,0
DRB1*16:01,0.026875,0.026875,0,0,DRB1,DR,1
DRB1*16:02,0.114375,0.105,0,0.009375,DRB1,DR,1
DRB1*16:15,0.000625,0,1,0.000625,DRB1,DR,0
DPA1*01:06,0,0.001875,1,0.001875,DPA1,DP,0
DPA1*01:08,0,0.004375,1,0.004375,DPA1,DP,0
DPA1*01:11,0,0.000625,1,0.000625,DPA1,DP,0
DPB1*100:01,0,0.000625,1,0.000625,DPB1,DP,0
DPB1*233:01,0,0.000625,1,0.000625,DPB1,DP,0
DPB1*333:01,0,0.00125,1,0.00125,DPB1,DP,0
DPB1*50:01,0,0.00125,1,0.00125,DPB1,DP,0
DQB1*05:04,0,0.00375,1,0.00375,DQB1,DQ,0
DQB1*05:62,0,0.000625,1,0.000625,DQB1,DQ,0
DRB1*04:81N,0,0.000625,1,0.000625,DRB1,DR,0
DRB1*07:10N,0,0.008125,1,0.008125,DRB1,DR,0
DRB1*11:169N,0,0.000625,1,0.000625,DRB1,DR,0
DRB1*13:66,0,0.000625,1,0.000625,DRB1,DR,0
DRB1*15:115N,0,0.000625,1,0.000625,DRB1,DR,0
DRB1*15:13,0,0.031875,1,0.031875,DRB1,DR,0
DRB1*16:07,0,0.000625,1,0.000625,DRB1,DR,0
DRB1*16:21N,0,0.00125,1,0.00125,DRB1,DR,0