test,HLA_typing_LA,iter_LA,coef_LA,[0.025_LA,0.975]_LA,pval_Holm_LA,allele_LA,features_LA,HLA_typing,iter,coef,[0.025,0.975],pval_Holm,allele,features,posFrac_LA,negFrac_LA,posFrac_HD,negFrac_HD
fx2_DQB1*03:03,HLA-PRG,95.0,-4.3893,-5.638,-3.135,4.0273175813212886e-07,DQB1*03:03,fx2,HLA-HD,91.0,-4.3871,-5.626,-3.141,5.601172362644137e-07,DQB1*03:03,fx2,0.1111111111111111,0.2015404364569961,0.1111111111111111,0.2015404364569961
fx5_DRB1*11:04,HLA-PRG,100.0,-3.5795,-4.745,-2.4435000000000002,3.0341332745727944e-05,DRB1*11:04,fx5,HLA-HD,100.0,-3.6538,-4.814500000000001,-2.521,3.292830278353992e-05,DRB1*11:04,fx5,0.0888888888888888,0.1289893617021276,0.0888888888888888,0.1289893617021276
fx2_DRB1*15:03,HLA-PRG,100.0,-3.6109999999999998,-4.4795,-2.742,4.30229466730998e-11,DRB1*15:03,fx2,HLA-HD,100.0,-3.64025,-4.5085,-2.7635,3.2761975223109166e-11,DRB1*15:03,fx2,0.1111111111111111,0.2015404364569961,0.1111111111111111,0.2015404364569961
fx5_DRB1*13:01,HLA-PRG,100.0,-3.56935,-4.655,-2.4655,5.775725716460821e-06,DRB1*13:01,fx5,HLA-HD,100.0,-3.60715,-4.698,-2.5164999999999997,6.197681673006701e-06,DRB1*13:01,fx5,0.1481481481481481,0.1251682368775235,0.1481481481481481,0.1251682368775235
fx5_DRB1*01:02,HLA-PRG,100.0,-3.7587,-4.830500000000001,-2.6814999999999998,4.5579361721784605e-07,DRB1*01:02,fx5,HLA-HD,99.0,-3.5866,-4.598,-2.565,5.571868211717259e-07,DRB1*01:02,fx5,0.0869565217391304,0.127906976744186,0.0869565217391304,0.127906976744186
fx5_DQB1*06:03,HLA-PRG,97.0,-3.3993,-4.507,-2.296,6.233050700676821e-05,DQB1*06:03,fx5,HLA-HD,97.0,-3.4468,-4.552,-2.36,6.781114919249308e-05,DQB1*06:03,fx5,0.1311475409836065,0.1263586956521739,0.1311475409836065,0.1263586956521739
t20_DRB1*01:02,HLA-PRG,99.0,-3.2419,-4.213,-2.27,4.2158292448799335e-06,DRB1*01:02,t20,HLA-HD,100.0,-3.2373,-4.181,-2.2525,2.8748363451345423e-06,DRB1*01:02,t20,0.0869565217391304,0.0968992248062015,0.0869565217391304,0.0968992248062015
fx2_DPB1*09:01,HLA-PRG,96.0,-3.2273,-3.9715,-2.491,6.913778197357003e-13,DPB1*09:01,fx2,HLA-HD,91.0,-3.1465,-3.86,-2.417,1.1564622421551994e-12,DPB1*09:01,fx2,0.1071428571428571,0.2028608582574772,0.1071428571428571,0.2028608582574772
wx1_DRB1*13:03,HLA-PRG,29.0,-1.8328,-2.455,-1.2,0.0010805179287914,DRB1*13:03,wx1,HLA-HD,95.0,-2.7357,-3.511,-1.916,2.728123852517901e-06,DRB1*13:03,wx1,0.2105263157894736,0.2660668380462725,0.1578947368421052,0.2673521850899742
wx1_DPB1*13:01,HLA-PRG,100.0,-2.76425,-3.374,-2.1580000000000004,2.7312181119972104e-14,DPB1*13:01,wx1,HLA-HD,99.0,-2.6222,-3.237,-2.018,8.517040939081403e-13,DPB1*13:01,wx1,0.1558441558441558,0.2763888888888889,0.1621621621621621,0.2752420470262794
wx1_DPB1*09:01,HLA-PRG,96.0,-2.46075,-3.0839999999999996,-1.8335,6.977366678620131e-10,DPB1*09:01,wx1,HLA-HD,91.0,-2.5249,-3.172,-1.887,8.77304277643381e-10,DPB1*09:01,wx1,0.1428571428571428,0.2691807542262678,0.1428571428571428,0.2691807542262678
fx2_DRB1*08:04,HLA-PRG,93.0,-2.3839,-3.053,-1.714,4.059826852117979e-07,DRB1*08:04,fx2,HLA-HD,94.0,-2.2946999999999997,-2.9619999999999997,-1.6305,9.42116822797088e-07,DRB1*08:04,fx2,0.1578947368421052,0.2005141388174807,0.1578947368421052,0.2005141388174807
wx1_DRB1*11:01,HLA-PRG,100.0,-2.302,-2.862,-1.747,3.430552515335938e-11,DRB1*11:01,wx1,HLA-HD,100.0,-2.2149,-2.764,-1.6640000000000001,2.6172942686420806e-10,DRB1*11:01,wx1,0.2542372881355932,0.2655826558265582,0.25,0.2659430122116689
phad_DRB1*11:04,HLA-PRG,100.0,-2.0795000000000003,-2.4725,-1.6865,1.780619088716736e-20,DRB1*11:04,phad,HLA-HD,100.0,-2.06575,-2.4535,-1.6749999999999998,2.045100953252781e-20,DRB1*11:04,phad,0.2666666666666666,0.5159574468085106,0.2666666666666666,0.5159574468085106
fx2_DPB1*17:01,HLA-PRG,99.0,-1.6208,-2.067,-1.173,7.521093828491206e-08,DPB1*17:01,fx2,HLA-HD,100.0,-1.9849999999999999,-2.449,-1.521,2.131594788976726e-12,DPB1*17:01,fx2,0.1666666666666666,0.2013245033112582,0.1538461538461538,0.2018469656992084
phad_DRB1*16:01,HLA-PRG,100.0,-1.7116500000000001,-2.0595,-1.3595000000000002,4.7933093904875293e-17,DRB1*16:01,phad,HLA-HD,100.0,-1.9652,-2.319,-1.613,6.987671148729805e-23,DRB1*16:01,phad,0.3720930232558139,0.5092838196286472,0.3571428571428571,0.5099337748344371
wx1_DRB1*10:01,HLA-PRG,100.0,-1.8053,-2.3235,-1.2845,8.352102796143853e-07,DRB1*10:01,wx1,HLA-HD,100.0,-1.8114,-2.3275,-1.2875,6.676312794602915e-07,DRB1*10:01,wx1,0.2682926829268293,0.2645502645502645,0.2682926829268293,0.2645502645502645
fx2_DPB1*04:02,HLA-PRG,100.0,-1.9895999999999998,-2.4995,-1.473,2.8402414004261777e-09,DPB1*04:02,fx2,HLA-HD,40.0,-1.4523000000000001,-1.944,-0.9635,0.00028657736854045,DPB1*04:02,fx2,0.136986301369863,0.2058011049723757,0.1538461538461538,0.2026845637583892
phad_DRB1*15:03,HLA-PRG,100.0,-1.33635,-1.6705,-1.0065,3.6528416792133645e-10,DRB1*15:03,phad,HLA-HD,100.0,-1.2631999999999999,-1.5905,-0.9335,5.4843685685448935e-09,DRB1*15:03,phad,0.5,0.5019255455712451,0.5,0.5019255455712451
phad_DPB1*10:01,HLA-PRG,98.0,-1.25935,-1.6065,-0.909,7.63618457585323e-08,DPB1*10:01,phad,HLA-HD,99.0,-1.2583,-1.6,-0.918,5.954033960428589e-08,DPB1*10:01,phad,0.4375,0.5045751633986928,0.4375,0.5045751633986928
phad_DRB1*13:03,HLA-PRG,97.0,-1.3927,-1.757,-1.028,5.8750704598378805e-09,DRB1*13:03,phad,HLA-HD,93.0,-1.1615,-1.509,-0.814,2.524082503920488e-06,DRB1*13:03,phad,0.4210526315789473,0.5038560411311054,0.3684210526315789,0.5051413881748072
phad_DPB1*09:01,HLA-PRG,96.0,1.2197,0.871,1.57,4.7099462985081073e-07,DPB1*09:01,phad,HLA-HD,87.0,1.1694,0.825,1.524,1.9889043529770117e-06,DPB1*09:01,phad,0.6071428571428571,0.4980494148244473,0.6071428571428571,0.4980494148244473
phad_DQB1*05:01,HLA-PRG,99.0,1.4174,1.028,1.812,1.0575369705043717e-07,DQB1*05:01,phad,HLA-HD,95.0,1.4005,1.001,1.802,1.4535618606142202e-07,DQB1*05:01,phad,0.5851063829787234,0.4907539118065434,0.5894736842105263,0.49002849002849
phad_DQB1*06:04,HLA-PRG,100.0,1.5286,1.2115,1.8479999999999999,2.5919798778704096e-16,DQB1*06:04,phad,HLA-HD,100.0,1.49095,1.1775,1.8075,1.3847740694725343e-15,DQB1*06:04,phad,0.6976744186046512,0.4907161803713528,0.6976744186046512,0.4907161803713528
phad_DRB1*13:02,HLA-PRG,100.0,1.48815,1.1505,1.8275000000000001,6.128383903126495e-13,DRB1*13:02,phad,HLA-HD,100.0,1.4983499999999998,1.1585,1.841,2.6248916370227163e-13,DRB1*13:02,phad,0.6333333333333333,0.491180461329715,0.6333333333333333,0.491180461329715
phad_DRB1*08:04,HLA-PRG,94.0,1.5265,1.1604999999999999,1.8935,2.755251108166351e-11,DRB1*08:04,phad,HLA-HD,94.0,1.51665,1.148,1.8860000000000001,4.554962420085035e-11,DRB1*08:04,phad,0.5789473684210527,0.5,0.5789473684210527,0.5
wx1_DRB1*01:02,HLA-PRG,100.0,1.5481500000000001,1.1495,1.947,1.5384923065599278e-09,DRB1*01:02,wx1,HLA-HD,100.0,1.5244499999999999,1.127,1.9195,2.1912367019186336e-09,DRB1*01:02,wx1,0.4347826086956521,0.2596899224806202,0.4347826086956521,0.2596899224806202
phad_DRB1*10:01,HLA-PRG,100.0,1.932,1.561,2.306,5.0599887756528174e-20,DRB1*10:01,phad,HLA-HD,100.0,1.9412500000000001,1.569,2.311,7.0519789889214e-20,DRB1*10:01,phad,0.7073170731707317,0.4907407407407407,0.7073170731707317,0.4907407407407407
