,0.975],0.975],0.975],[0.025,[0.025,[0.025,coef,coef,coef,iterSuccess,iterSuccess,iterSuccess,nlog10_Pval,nlog10_Pval,nlog10_Pval
Feature,Negative,strongPos,weakPos,Negative,strongPos,weakPos,Negative,strongPos,weakPos,Negative,strongPos,weakPos,Negative,strongPos,weakPos
Allele,,,,,,,,,,,,,,,
DRB1*13:03,0.5674999999999999,-4.027,-0.5640000000000001,0.019,-8.505,-1.152,0.29569999999999996,-6.2659,-0.85755,,3.0,20.0,0.0,2.370640861018023,3.079868117889127
DRB1*16:01,1.826,-0.202,-1.8545,1.054,-1.1165,-2.7110000000000003,1.4422,-0.65825,-2.2825,91.5,,100.0,7.531340840418343,0.0,19.8687079488741
DQB1*05:03,1.2945,-1.6450000000000002,-1.6909999999999998,0.6305000000000001,-3.461,-2.4915000000000003,0.961,-2.5529,-2.091,5.0,1.0,100.0,2.911254843518807,2.4127939734411687,19.126774856423403
DPB1*10:01,0.8194999999999999,-0.0615,-1.0579999999999998,0.1775,-0.9964999999999999,-1.686,0.5016499999999999,-0.5242,-1.37065,,,100.0,0.0,0.0,12.173994617347226
DRB1*15:03,0.2995,-0.1625,-1.4335,-0.3035,-1.1515,-2.1494999999999997,-0.0034000000000000002,-0.651,-1.7938,,,100.0,0.0,0.0,17.163669225522977
DRB1*11:04,3.7350000000000008,-1.1465,-3.4205,2.8585000000000007,-2.218,-4.7165,3.2967500000000007,-1.6846000000000003,-4.0632,100.0,96.0,99.0,43.151372606891904,4.202456888922072,28.85399710376014
DRB1*04:05,-1.0545,173500.0,2.168,-1.6804999999999999,-173500.0,1.536,-1.37055,-29.2024,1.8491499999999998,100.0,,100.0,11.683212409731933,0.0,25.093399468051274
DQB1*06:03,-0.967,2.1660000000000004,0.426,-1.651,1.2029999999999998,-0.2065,-1.3058,1.68255,0.10994999999999999,99.5,99.0,,8.142423165038272,6.078602349959288,0.0
DRB1*10:01,-0.991,-1.181,1.719,-1.6499999999999997,-2.355,1.0375,-1.3212,-1.7779,1.3809499999999997,99.5,15.5,100.0,9.536578533669616,3.118853121185038,9.309575401421096
DRB1*13:01,-1.084,2.147,0.379,-1.8065,1.178,-0.26,-1.4453,1.6581,0.05715,100.0,97.5,,9.398190588365452,5.663532943364556,0.0
DRB1*08:04,-1.5965,-1.3340000000000003,1.4515,-2.4165,-2.634,0.713,-2.00835,-1.9836,1.0825,100.0,92.0,2.0,16.120042990855552,3.7275046298324632,2.9986017399409968
DRB1*13:02,-1.0975000000000001,0.296,1.3255,-1.7734999999999999,-0.7755000000000001,0.701,-1.43485,-0.23604999999999998,1.0121,100.0,,71.0,10.889743434737689,0.0,4.772534759360257
DQB1*06:04,-1.1389999999999998,0.1535,1.143,-1.7595,-0.8875,0.595,-1.4496,-0.3738,0.8695,100.0,,70.5,14.196466956882864,0.0,4.156247409607039
DRB1*01:02,-1.206,0.223,0.678,-1.7965,-0.6295,0.1415,-1.50125,-0.2067,0.40965,100.0,,,17.534183484464148,0.0,0.0
DQA1*01:03,-1.027,2.2535,1.3094999999999999,-1.755,1.1179999999999999,0.6325000000000001,-1.391,1.6827499999999997,0.9709,98.5,56.0,2.0,8.162537798917255,3.2505433493713567,2.6840586950197154
DRB1*15:02,-0.882,-0.9855,1.251,-1.571,-2.4595000000000002,0.6205,-1.2257,-1.7172,0.9354,76.5,,56.0,6.411282720494362,0.229112192702162,3.2413094938716602
DRB1*04:02,-0.828,2.802,0.2705,-1.512,1.466,-0.3845,-1.17,2.1298,-0.05645,1.0,82.5,,5.640585292240996,4.976171421885099,0.0
