,count,pubmedID
DPB1*04:02,7.0,"27166610,30235330,27116456,30278218,31815739,31242791,29289740"
DPB1*09:01,3.0,"27116456,28506627,25056373"
DPB1*10:01,,
DPB1*17:01,1.0,31810856
DQB1*03:03,25.0,"20684489,15577839,20486920,27116456,29348432,24291122,27921409,23993987,31299142,35105721,27048628,30278218,33514426,20298583,34536413,33597492,31810856,29088299,27166610,28261910"
DRB1*08:04,10.0,"24899791,31871193,29088299,9515587,32253422,20047643,31832439,10641564,31242791,25056373"
DRB1*13:03,13.0,"24498373,27166610,27116456,20486920,33639633,17686102,24291122,21545408,27921409,27534049,29088299,33509297,11868921"
DRB1*15:03,16.0,"26953725,22548207,27503745,24949577,35105721,24498373,27116456,30854688,21545408,32253422,27921409,25056373,31832439,33555323,24632585,23320107"
DRB1*16:01,3.0,"29233746,22397267,27241705"
DQB1*06:03,8.0,"27013183,23443026,33639633,27116456,32253422,23320107,29088299,29289740"
DRB1*01:02,7.0,"24911354,33639633,25889603,12166586,27116456,25636569,23575622"
DRB1*11:04,11.0,"24291122,32253422,23278646,25975240,31299142,31871193,11574751,28261910,23331206,18412308,9179434"
DRB1*13:01,17.0,"27166610,27829665,27116456,24911054,24498373,17686102,33639633,24291122,27331404,21545408,27921409,26546900,29088299,33509297,23288628,33587436,18412308"
DQB1*05:01,15.0,"33742477,27013183,33591409,23993987,31299142,25851465,27116456,32180714,33421202,35105721,33798536,32125725,27241705,21545408,16201295"
DQB1*06:04,11.0,"29088299,34880287,23278646,32253422,33639633,19489916,29289740,22586441,27116456,33587436,10354022"
DRB1*10:01,4.0,"33058932,27116456,25636569,18412308"
DRB1*13:02,17.0,"27166610,24911054,24498373,27829665,27116456,33639633,24291122,21545408,27331404,27921409,29088299,29085586,35379557,11868921,33587436,18412308,9372651"
DPB1*13:01,3.0,"31871193,24498086,28506627"
DQB1*05:03,8.0,"27013183,23993987,31299142,33421202,27116456,35105721,29313220,21545408"
DRB1*11:01,12.0,"32253422,22548207,23278646,24291122,31299142,31871193,22573116,18412308,23325094,9442800,10051703,16874703"
DRB1*15:02,20.0,"31985601,16792590,29233746,22548207,35105721,12197571,24949577,24498373,27116456,21545408,31449552,23278646,25056373,27331404,27921409,29085586,23320107,23407388,24632585,10641564"
