allele_allergen,posFrac_LA,negFrac_LA,posFrac_HD,negFrac_HD,allele,allergen
fx1_DPA1*02:02,0.041237113402061855,0.03571428571428571,0.046296296296296294,0.03483309143686502,fx1,DPA1*02:02
fx2_DPA1*02:02,0.18556701030927836,0.19,0.17592592592592593,0.19158200290275762,fx2,DPA1*02:02
fx22_DPA1*02:02,0.09278350515463918,0.06,0.09259259259259259,0.059506531204644414,fx22,DPA1*02:02
fx5_DPA1*02:02,0.13402061855670103,0.10142857142857142,0.1388888888888889,0.10014513788098693,fx5,DPA1*02:02
gx2_DPA1*02:02,0.16494845360824742,0.10857142857142857,0.16666666666666666,0.10740203193033382,gx2,DPA1*02:02
phad_DPA1*02:02,0.5154639175257731,0.44,0.5185185185185185,0.43831640058055155,phad,DPA1*02:02
t20_DPA1*02:02,0.12371134020618557,0.08571428571428572,0.12962962962962962,0.0841799709724238,t20,DPA1*02:02
wx1_DPA1*02:02,0.27835051546391754,0.24714285714285714,0.28703703703703703,0.24528301886792453,wx1,DPA1*02:02
fx1_DPB1*01:01,0.03571428571428571,0.03643724696356275,0.03571428571428571,0.03643724696356275,fx1,DPB1*01:01
fx2_DPB1*01:01,0.21428571428571427,0.18758434547908232,0.21428571428571427,0.18758434547908232,fx2,DPB1*01:01
fx22_DPB1*01:01,0.10714285714285714,0.06072874493927125,0.10714285714285714,0.06072874493927125,fx22,DPB1*01:01
fx5_DPB1*01:01,0.16071428571428573,0.10121457489878542,0.16071428571428573,0.10121457489878542,fx5,DPB1*01:01
gx2_DPB1*01:01,0.14285714285714285,0.11336032388663968,0.14285714285714285,0.11336032388663968,gx2,DPB1*01:01
phad_DPB1*01:01,0.5535714285714286,0.44129554655870445,0.5535714285714286,0.44129554655870445,phad,DPB1*01:01
t20_DPB1*01:01,0.125,0.08771929824561403,0.125,0.08771929824561403,t20,DPB1*01:01
wx1_DPB1*01:01,0.2857142857142857,0.2483130904183536,0.2857142857142857,0.2483130904183536,wx1,DPB1*01:01
fx1_DPB1*02:01,0.03461538461538462,0.037243947858473,0.03461538461538462,0.037243947858473,fx1,DPB1*02:01
fx2_DPB1*02:01,0.18076923076923077,0.19366852886405958,0.18076923076923077,0.19366852886405958,fx2,DPB1*02:01
fx22_DPB1*02:01,0.057692307692307696,0.0670391061452514,0.057692307692307696,0.0670391061452514,fx22,DPB1*02:01
fx5_DPB1*02:01,0.10384615384615385,0.10614525139664804,0.10384615384615385,0.10614525139664804,fx5,DPB1*02:01
gx2_DPB1*02:01,0.12307692307692308,0.11173184357541899,0.12307692307692308,0.11173184357541899,gx2,DPB1*02:01
phad_DPB1*02:01,0.4230769230769231,0.4618249534450652,0.4230769230769231,0.4618249534450652,phad,DPB1*02:01
t20_DPB1*02:01,0.06923076923076923,0.1005586592178771,0.06923076923076923,0.1005586592178771,t20,DPB1*02:01
wx1_DPB1*02:01,0.22692307692307692,0.26256983240223464,0.22692307692307692,0.26256983240223464,wx1,DPB1*02:01
fx1_DPB1*04:02,0.0684931506849315,0.03314917127071823,0.07692307692307693,0.03355704697986577,fx1,DPB1*04:02
fx2_DPB1*04:02,0.1232876712328767,0.19613259668508287,0.15384615384615385,0.1919463087248322,fx2,DPB1*04:02
fx22_DPB1*04:02,0.0821917808219178,0.062154696132596686,0.09615384615384616,0.06174496644295302,fx22,DPB1*04:02
fx5_DPB1*04:02,0.1917808219178082,0.09668508287292818,0.15384615384615385,0.10201342281879194,fx5,DPB1*04:02
gx2_DPB1*04:02,0.1232876712328767,0.11464088397790055,0.15384615384615385,0.11275167785234899,gx2,DPB1*04:02
phad_DPB1*04:02,0.4520547945205479,0.4488950276243094,0.36538461538461536,0.45503355704697984,phad,DPB1*04:02
t20_DPB1*04:02,0.1095890410958904,0.08839779005524862,0.11538461538461539,0.08859060402684564,t20,DPB1*04:02
wx1_DPB1*04:02,0.2876712328767123,0.2472375690607735,0.21153846153846154,0.2536912751677852,wx1,DPB1*04:02
fx1_DPB1*09:01,0.0,0.0377113133940182,0.0,0.0377113133940182,fx1,DPB1*09:01
fx2_DPB1*09:01,0.10714285714285714,0.19245773732119636,0.10714285714285714,0.19245773732119636,fx2,DPB1*09:01
fx22_DPB1*09:01,0.07142857142857142,0.06371911573472042,0.07142857142857142,0.06371911573472042,fx22,DPB1*09:01
fx5_DPB1*09:01,0.07142857142857142,0.10663198959687907,0.07142857142857142,0.10663198959687907,fx5,DPB1*09:01
gx2_DPB1*09:01,0.10714285714285714,0.11573472041612484,0.10714285714285714,0.11573472041612484,gx2,DPB1*09:01
phad_DPB1*09:01,0.5357142857142857,0.4460338101430429,0.5357142857142857,0.4460338101430429,phad,DPB1*09:01
t20_DPB1*09:01,0.07142857142857142,0.09102730819245773,0.07142857142857142,0.09102730819245773,t20,DPB1*09:01
wx1_DPB1*09:01,0.14285714285714285,0.25487646293888166,0.14285714285714285,0.25487646293888166,wx1,DPB1*09:01
fx1_DPB1*10:01,0.03125,0.036601307189542485,0.03125,0.036601307189542485,fx1,DPB1*10:01
fx2_DPB1*10:01,0.1875,0.1895424836601307,0.1875,0.1895424836601307,fx2,DPB1*10:01
fx22_DPB1*10:01,0.03125,0.06535947712418301,0.03125,0.06535947712418301,fx22,DPB1*10:01
fx5_DPB1*10:01,0.125,0.10457516339869281,0.125,0.10457516339869281,fx5,DPB1*10:01
gx2_DPB1*10:01,0.0625,0.11764705882352941,0.0625,0.11764705882352941,gx2,DPB1*10:01
phad_DPB1*10:01,0.40625,0.45098039215686275,0.40625,0.45098039215686275,phad,DPB1*10:01
t20_DPB1*10:01,0.09375,0.09019607843137255,0.09375,0.09019607843137255,t20,DPB1*10:01
wx1_DPB1*10:01,0.25,0.25098039215686274,0.25,0.25098039215686274,wx1,DPB1*10:01
fx1_DPB1*13:01,0.025974025974025976,0.0375,0.02702702702702703,0.03734439834024896,fx1,DPB1*13:01
fx2_DPB1*13:01,0.14285714285714285,0.19444444444444445,0.13513513513513514,0.1950207468879668,fx2,DPB1*13:01
fx22_DPB1*13:01,0.06493506493506493,0.06388888888888888,0.06756756756756757,0.0636237897648686,fx22,DPB1*13:01
fx5_DPB1*13:01,0.09090909090909091,0.10694444444444444,0.0945945945945946,0.10650069156293222,fx5,DPB1*13:01
gx2_DPB1*13:01,0.1038961038961039,0.11666666666666667,0.10810810810810811,0.11618257261410789,gx2,DPB1*13:01
phad_DPB1*13:01,0.4155844155844156,0.4527777777777778,0.4189189189189189,0.45228215767634855,phad,DPB1*13:01
t20_DPB1*13:01,0.07792207792207792,0.09166666666666666,0.08108108108108109,0.0912863070539419,t20,DPB1*13:01
wx1_DPB1*13:01,0.14285714285714285,0.2625,0.14864864864864866,0.26141078838174275,wx1,DPB1*13:01
fx1_DPB1*14:01,0.025423728813559324,0.03829160530191458,0.02654867256637168,0.038011695906432746,fx1,DPB1*14:01
fx2_DPB1*14:01,0.1271186440677966,0.20029455081001474,0.13274336283185842,0.19883040935672514,fx2,DPB1*14:01
fx22_DPB1*14:01,0.03389830508474576,0.06921944035346098,0.035398230088495575,0.06871345029239766,fx22,DPB1*14:01
fx5_DPB1*14:01,0.06779661016949153,0.11192930780559647,0.04424778761061947,0.1154970760233918,fx5,DPB1*14:01
gx2_DPB1*14:01,0.06779661016949153,0.12371134020618557,0.07079646017699115,0.12280701754385964,gx2,DPB1*14:01
phad_DPB1*14:01,0.3813559322033898,0.46097201767304863,0.37168141592920356,0.4619883040935672,phad,DPB1*14:01
t20_DPB1*14:01,0.06779661016949153,0.09425625920471281,0.07079646017699115,0.0935672514619883,t20,DPB1*14:01
wx1_DPB1*14:01,0.2288135593220339,0.2547864506627393,0.22123893805309736,0.25584795321637427,wx1,DPB1*14:01
fx1_DPB1*17:01,0.047619047619047616,0.03576158940397351,0.05128205128205128,0.03562005277044855,fx1,DPB1*17:01
fx2_DPB1*17:01,0.16666666666666666,0.19072847682119207,0.15384615384615385,0.19129287598944592,fx2,DPB1*17:01
fx22_DPB1*17:01,0.047619047619047616,0.06490066225165562,0.05128205128205128,0.06464379947229551,fx22,DPB1*17:01
fx5_DPB1*17:01,0.09523809523809523,0.10596026490066225,0.10256410256410256,0.10554089709762533,fx5,DPB1*17:01
gx2_DPB1*17:01,0.16666666666666666,0.11258278145695365,0.1794871794871795,0.11213720316622691,gx2,DPB1*17:01
phad_DPB1*17:01,0.5,0.4463576158940397,0.5128205128205128,0.44591029023746703,phad,DPB1*17:01
t20_DPB1*17:01,0.09523809523809523,0.09006622516556291,0.10256410256410256,0.08970976253298153,t20,DPB1*17:01
wx1_DPB1*17:01,0.30952380952380953,0.247682119205298,0.3333333333333333,0.24670184696569922,wx1,DPB1*17:01
fx1_DQA1*01:01,0.018518518518518517,0.03918722786647315,0.02040816326530612,0.0374331550802139,fx1,DQA1*01:01
fx2_DQA1*01:01,0.2222222222222222,0.18432510885341075,0.16326530612244897,0.19117647058823528,fx2,DQA1*01:01
fx22_DQA1*01:01,0.046296296296296294,0.06676342525399129,0.04081632653061224,0.06550802139037433,fx22,DQA1*01:01
fx5_DQA1*01:01,0.08333333333333333,0.10885341074020319,0.04081632653061224,0.10962566844919786,fx5,DQA1*01:01
gx2_DQA1*01:01,0.12037037037037036,0.11465892597968069,0.10204081632653061,0.1163101604278075,gx2,DQA1*01:01
phad_DQA1*01:01,0.48148148148148145,0.444121915820029,0.4489795918367347,0.44919786096256686,phad,DQA1*01:01
t20_DQA1*01:01,0.07407407407407407,0.09288824383164006,0.08163265306122448,0.09090909090909091,t20,DQA1*01:01
wx1_DQA1*01:01,0.25,0.251088534107402,0.2857142857142857,0.24866310160427807,wx1,DQA1*01:01
fx1_DQA1*01:03,0.05813953488372093,0.03375527426160337,0.05813953488372093,0.03375527426160337,fx1,DQA1*01:03
fx2_DQA1*01:03,0.20930232558139536,0.18706047819971872,0.20930232558139536,0.18706047819971872,fx2,DQA1*01:03
fx22_DQA1*01:03,0.08139534883720931,0.06188466947960619,0.08139534883720931,0.06188466947960619,fx22,DQA1*01:03
fx5_DQA1*01:03,0.11627906976744186,0.10407876230661041,0.11627906976744186,0.10407876230661041,fx5,DQA1*01:03
gx2_DQA1*01:03,0.13953488372093023,0.11251758087201125,0.13953488372093023,0.11251758087201125,gx2,DQA1*01:03
phad_DQA1*01:03,0.5697674418604651,0.4345991561181435,0.5697674418604651,0.4345991561181435,phad,DQA1*01:03
t20_DQA1*01:03,0.1511627906976744,0.0829817158931083,0.1511627906976744,0.0829817158931083,t20,DQA1*01:03
wx1_DQA1*01:03,0.313953488372093,0.24331926863572434,0.313953488372093,0.24331926863572434,wx1,DQA1*01:03
fx1_DQA1*02:01,0.04048582995951417,0.034545454545454546,0.04048582995951417,0.034545454545454546,fx1,DQA1*02:01
fx2_DQA1*02:01,0.23076923076923078,0.1709090909090909,0.23076923076923078,0.1709090909090909,fx2,DQA1*02:01
fx22_DQA1*02:01,0.09716599190283401,0.04909090909090909,0.09716599190283401,0.04909090909090909,fx22,DQA1*02:01
fx5_DQA1*02:01,0.12550607287449392,0.09636363636363636,0.12550607287449392,0.09636363636363636,fx5,DQA1*02:01
gx2_DQA1*02:01,0.13360323886639677,0.10727272727272727,0.13360323886639677,0.10727272727272727,gx2,DQA1*02:01
phad_DQA1*02:01,0.5222672064777328,0.4163636363636364,0.5222672064777328,0.4163636363636364,phad,DQA1*02:01
t20_DQA1*02:01,0.1214574898785425,0.07636363636363637,0.1214574898785425,0.07636363636363637,t20,DQA1*02:01
wx1_DQA1*02:01,0.30364372469635625,0.22727272727272727,0.30364372469635625,0.22727272727272727,wx1,DQA1*02:01
fx1_DQA1*03:01,0.02403846153846154,0.04074702886247878,0.006060606060606061,0.04430379746835443,fx1,DQA1*03:01
fx2_DQA1*03:01,0.1875,0.19015280135823429,0.16363636363636364,0.1962025316455696,fx2,DQA1*03:01
fx22_DQA1*03:01,0.04326923076923077,0.07130730050933787,0.024242424242424242,0.07436708860759493,fx22,DQA1*03:01
fx5_DQA1*03:01,0.07692307692307693,0.11544991511035653,0.06060606060606061,0.11708860759493671,fx5,DQA1*03:01
gx2_DQA1*03:01,0.11057692307692307,0.11714770797962648,0.06666666666666667,0.1281645569620253,gx2,DQA1*03:01
phad_DQA1*03:01,0.4567307692307692,0.4465195246179966,0.40606060606060607,0.46044303797468356,phad,DQA1*03:01
t20_DQA1*03:01,0.07692307692307693,0.09507640067911714,0.024242424242424242,0.10759493670886076,t20,DQA1*03:01
wx1_DQA1*03:01,0.2644230769230769,0.2461799660441426,0.21212121212121213,0.2610759493670886,wx1,DQA1*03:01
fx1_DQA1*04:01,0.0,0.03766233766233766,0.0,0.03756476683937824,fx1,DQA1*04:01
fx2_DQA1*04:01,0.14814814814814814,0.19090909090909092,0.16,0.19041450777202074,fx2,DQA1*04:01
fx22_DQA1*04:01,0.037037037037037035,0.06493506493506493,0.04,0.06476683937823834,fx22,DQA1*04:01
fx5_DQA1*04:01,0.14814814814814814,0.1038961038961039,0.12,0.10492227979274611,fx5,DQA1*04:01
gx2_DQA1*04:01,0.07407407407407407,0.11688311688311688,0.08,0.11658031088082901,gx2,DQA1*04:01
phad_DQA1*04:01,0.37037037037037035,0.45194805194805193,0.4,0.45077720207253885,phad,DQA1*04:01
t20_DQA1*04:01,0.037037037037037035,0.09220779220779221,0.04,0.09196891191709844,t20,DQA1*04:01
wx1_DQA1*04:01,0.18518518518518517,0.2532467532467532,0.2,0.25259067357512954,wx1,DQA1*04:01
fx1_DQB1*03:01,0.045714285714285714,0.03376205787781351,0.02564102564102564,0.0390015600624025,fx1,DQB1*03:01
fx2_DQB1*03:01,0.18857142857142858,0.18971061093247588,0.17307692307692307,0.1934477379095164,fx2,DQB1*03:01
fx22_DQB1*03:01,0.08571428571428572,0.05787781350482315,0.0641025641025641,0.06396255850234009,fx22,DQB1*03:01
fx5_DQB1*03:01,0.13714285714285715,0.09646302250803858,0.11538461538461539,0.1029641185647426,fx5,DQB1*03:01
gx2_DQB1*03:01,0.12571428571428572,0.11254019292604502,0.11538461538461539,0.11544461778471139,gx2,DQB1*03:01
phad_DQB1*03:01,0.37714285714285717,0.4694533762057878,0.34615384615384615,0.47425897035881437,phad,DQB1*03:01
t20_DQB1*03:01,0.09142857142857143,0.09003215434083602,0.07692307692307693,0.093603744149766,t20,DQB1*03:01
wx1_DQB1*03:01,0.2057142857142857,0.26366559485530544,0.1858974358974359,0.2667706708268331,wx1,DQB1*03:01
fx1_DQB1*03:02,0.011428571428571429,0.04340836012861737,0.011428571428571429,0.04340836012861737,fx1,DQB1*03:02
fx2_DQB1*03:02,0.17714285714285713,0.19292604501607716,0.17714285714285713,0.19292604501607716,fx2,DQB1*03:02
fx22_DQB1*03:02,0.03428571428571429,0.07234726688102894,0.03428571428571429,0.07234726688102894,fx22,DQB1*03:02
fx5_DQB1*03:02,0.06285714285714286,0.11736334405144695,0.06285714285714286,0.11736334405144695,fx5,DQB1*03:02
gx2_DQB1*03:02,0.07428571428571429,0.1270096463022508,0.07428571428571429,0.1270096463022508,gx2,DQB1*03:02
phad_DQB1*03:02,0.4228571428571429,0.4565916398713826,0.4228571428571429,0.4565916398713826,phad,DQB1*03:02
t20_DQB1*03:02,0.03428571428571429,0.10610932475884244,0.03428571428571429,0.10610932475884244,t20,DQB1*03:02
wx1_DQB1*03:02,0.22857142857142856,0.2572347266881029,0.22857142857142856,0.2572347266881029,wx1,DQB1*03:02
fx1_DQB1*03:03,0.0,0.037227214377406934,0.0,0.037227214377406934,fx1,DQB1*03:03
fx2_DQB1*03:03,0.1111111111111111,0.19127086007702182,0.1111111111111111,0.19127086007702182,fx2,DQB1*03:03
fx22_DQB1*03:03,0.05555555555555555,0.06418485237483953,0.05555555555555555,0.06418485237483953,fx22,DQB1*03:03
fx5_DQB1*03:03,0.1111111111111111,0.10526315789473684,0.1111111111111111,0.10526315789473684,fx5,DQB1*03:03
gx2_DQB1*03:03,0.1111111111111111,0.11553273427471117,0.1111111111111111,0.11553273427471117,gx2,DQB1*03:03
phad_DQB1*03:03,0.4444444444444444,0.4492939666238768,0.4444444444444444,0.4492939666238768,phad,DQB1*03:03
t20_DQB1*03:03,0.2777777777777778,0.08600770218228498,0.2777777777777778,0.08600770218228498,t20,DQB1*03:03
wx1_DQB1*03:03,0.2777777777777778,0.2503209242618742,0.2777777777777778,0.2503209242618742,wx1,DQB1*03:03
fx1_DQB1*04:02,0.025,0.036988110964332896,0.025,0.036988110964332896,fx1,DQB1*04:02
fx2_DQB1*04:02,0.175,0.190224570673712,0.175,0.190224570673712,fx2,DQB1*04:02
fx22_DQB1*04:02,0.025,0.06605019815059446,0.025,0.06605019815059446,fx22,DQB1*04:02
fx5_DQB1*04:02,0.175,0.10171730515191546,0.175,0.10171730515191546,fx5,DQB1*04:02
gx2_DQB1*04:02,0.125,0.11492734478203434,0.125,0.11492734478203434,gx2,DQB1*04:02
phad_DQB1*04:02,0.45,0.44914134742404227,0.45,0.44914134742404227,phad,DQB1*04:02
t20_DQB1*04:02,0.1,0.08982826948480846,0.1,0.08982826948480846,t20,DQB1*04:02
wx1_DQB1*04:02,0.275,0.24966974900924702,0.275,0.24966974900924702,wx1,DQB1*04:02
fx1_DQB1*05:01,0.031914893617021274,0.03698435277382646,0.031578947368421054,0.037037037037037035,fx1,DQB1*05:01
fx2_DQB1*05:01,0.2127659574468085,0.18634423897581792,0.22105263157894736,0.18518518518518517,fx2,DQB1*05:01
fx22_DQB1*05:01,0.06382978723404255,0.06401137980085349,0.06315789473684211,0.0641025641025641,fx22,DQB1*05:01
fx5_DQB1*05:01,0.07446808510638298,0.10953058321479374,0.07368421052631578,0.10968660968660969,fx5,DQB1*05:01
gx2_DQB1*05:01,0.11702127659574468,0.11522048364153627,0.12631578947368421,0.11396011396011396,gx2,DQB1*05:01
phad_DQB1*05:01,0.5106382978723404,0.44096728307254623,0.5157894736842106,0.44017094017094016,phad,DQB1*05:01
t20_DQB1*05:01,0.0851063829787234,0.09103840682788052,0.08421052631578947,0.09116809116809117,t20,DQB1*05:01
wx1_DQB1*05:01,0.2553191489361702,0.2503556187766714,0.2631578947368421,0.2492877492877493,wx1,DQB1*05:01
fx1_DQB1*05:02,0.0430622009569378,0.034013605442176874,0.0430622009569378,0.034013605442176874,fx1,DQB1*05:02
fx2_DQB1*05:02,0.12440191387559808,0.21258503401360543,0.12440191387559808,0.21258503401360543,fx2,DQB1*05:02
fx22_DQB1*05:02,0.05263157894736842,0.06802721088435375,0.05263157894736842,0.06802721088435375,fx22,DQB1*05:02
fx5_DQB1*05:02,0.09090909090909091,0.11054421768707483,0.09090909090909091,0.11054421768707483,fx5,DQB1*05:02
gx2_DQB1*05:02,0.09569377990430622,0.12244897959183673,0.09569377990430622,0.12244897959183673,gx2,DQB1*05:02
phad_DQB1*05:02,0.3492822966507177,0.4846938775510204,0.3492822966507177,0.4846938775510204,phad,DQB1*05:02
t20_DQB1*05:02,0.09569377990430622,0.08843537414965986,0.09569377990430622,0.08843537414965986,t20,DQB1*05:02
wx1_DQB1*05:02,0.23923444976076555,0.25510204081632654,0.23923444976076555,0.25510204081632654,wx1,DQB1*05:02
fx1_DQB1*05:03,0.0,0.03741935483870968,0.0,0.03741935483870968,fx1,DQB1*05:03
fx2_DQB1*05:03,0.22727272727272727,0.18838709677419355,0.22727272727272727,0.18838709677419355,fx2,DQB1*05:03
fx22_DQB1*05:03,0.0,0.06580645161290323,0.0,0.06580645161290323,fx22,DQB1*05:03
fx5_DQB1*05:03,0.09090909090909091,0.10580645161290322,0.09090909090909091,0.10580645161290322,fx5,DQB1*05:03
gx2_DQB1*05:03,0.09090909090909091,0.11612903225806452,0.09090909090909091,0.11612903225806452,gx2,DQB1*05:03
phad_DQB1*05:03,0.3181818181818182,0.4529032258064516,0.3181818181818182,0.4529032258064516,phad,DQB1*05:03
t20_DQB1*05:03,0.045454545454545456,0.09161290322580645,0.045454545454545456,0.09161290322580645,t20,DQB1*05:03
wx1_DQB1*05:03,0.13636363636363635,0.2541935483870968,0.13636363636363635,0.2541935483870968,wx1,DQB1*05:03
fx1_DQB1*06:01,0.0,0.03825857519788918,0.0,0.03825857519788918,fx1,DQB1*06:01
fx2_DQB1*06:01,0.07692307692307693,0.19525065963060687,0.07692307692307693,0.19525065963060687,fx2,DQB1*06:01
fx22_DQB1*06:01,0.0,0.06728232189973615,0.0,0.06728232189973615,fx22,DQB1*06:01
fx5_DQB1*06:01,0.07692307692307693,0.10686015831134564,0.07692307692307693,0.10686015831134564,fx5,DQB1*06:01
gx2_DQB1*06:01,0.05128205128205128,0.11873350923482849,0.05128205128205128,0.11873350923482849,gx2,DQB1*06:01
phad_DQB1*06:01,0.41025641025641024,0.45118733509234826,0.41025641025641024,0.45118733509234826,phad,DQB1*06:01
t20_DQB1*06:01,0.05128205128205128,0.09234828496042216,0.05128205128205128,0.09234828496042216,t20,DQB1*06:01
wx1_DQB1*06:01,0.1794871794871795,0.2546174142480211,0.1794871794871795,0.2546174142480211,wx1,DQB1*06:01
fx1_DQB1*06:02,0.0821917808219178,0.031767955801104975,0.0821917808219178,0.031767955801104975,fx1,DQB1*06:02
fx2_DQB1*06:02,0.1780821917808219,0.19060773480662985,0.1780821917808219,0.19060773480662985,fx2,DQB1*06:02
fx22_DQB1*06:02,0.0821917808219178,0.062154696132596686,0.0821917808219178,0.062154696132596686,fx22,DQB1*06:02
fx5_DQB1*06:02,0.136986301369863,0.10220994475138122,0.136986301369863,0.10220994475138122,fx5,DQB1*06:02
gx2_DQB1*06:02,0.1643835616438356,0.11049723756906077,0.1643835616438356,0.11049723756906077,gx2,DQB1*06:02
phad_DQB1*06:02,0.5068493150684932,0.44337016574585636,0.5068493150684932,0.44337016574585636,phad,DQB1*06:02
t20_DQB1*06:02,0.1095890410958904,0.08839779005524862,0.1095890410958904,0.08839779005524862,t20,DQB1*06:02
wx1_DQB1*06:02,0.3287671232876712,0.2430939226519337,0.3287671232876712,0.2430939226519337,wx1,DQB1*06:02
fx1_DQB1*06:03,0.08196721311475409,0.03260869565217391,0.08196721311475409,0.03260869565217391,fx1,DQB1*06:03
fx2_DQB1*06:03,0.29508196721311475,0.18070652173913043,0.29508196721311475,0.18070652173913043,fx2,DQB1*06:03
fx22_DQB1*06:03,0.11475409836065574,0.059782608695652176,0.11475409836065574,0.059782608695652176,fx22,DQB1*06:03
fx5_DQB1*06:03,0.13114754098360656,0.10326086956521739,0.13114754098360656,0.10326086956521739,fx5,DQB1*06:03
gx2_DQB1*06:03,0.16393442622950818,0.11141304347826086,0.16393442622950818,0.11141304347826086,gx2,DQB1*06:03
phad_DQB1*06:03,0.5901639344262295,0.4375,0.5901639344262295,0.4375,phad,DQB1*06:03
t20_DQB1*06:03,0.19672131147540983,0.08152173913043478,0.19672131147540983,0.08152173913043478,t20,DQB1*06:03
wx1_DQB1*06:03,0.3442622950819672,0.24320652173913043,0.3442622950819672,0.24320652173913043,wx1,DQB1*06:03
fx1_DQB1*06:04,0.023255813953488372,0.03713527851458886,0.023255813953488372,0.03713527851458886,fx1,DQB1*06:04
fx2_DQB1*06:04,0.2558139534883721,0.1856763925729443,0.2558139534883721,0.1856763925729443,fx2,DQB1*06:04
fx22_DQB1*06:04,0.046511627906976744,0.0649867374005305,0.046511627906976744,0.0649867374005305,fx22,DQB1*06:04
fx5_DQB1*06:04,0.11627906976744186,0.10477453580901856,0.11627906976744186,0.10477453580901856,fx5,DQB1*06:04
gx2_DQB1*06:04,0.11627906976744186,0.11538461538461539,0.11627906976744186,0.11538461538461539,gx2,DQB1*06:04
phad_DQB1*06:04,0.627906976744186,0.4389920424403183,0.627906976744186,0.4389920424403183,phad,DQB1*06:04
t20_DQB1*06:04,0.13953488372093023,0.08753315649867374,0.13953488372093023,0.08753315649867374,t20,DQB1*06:04
wx1_DQB1*06:04,0.27906976744186046,0.2493368700265252,0.27906976744186046,0.2493368700265252,wx1,DQB1*06:04
fx1_DRB1*01:01,0.0,0.03790849673202614,0.0,0.03790849673202614,fx1,DRB1*01:01
fx2_DRB1*01:01,0.15625,0.19084967320261437,0.15625,0.19084967320261437,fx2,DRB1*01:01
fx22_DRB1*01:01,0.03125,0.06535947712418301,0.03125,0.06535947712418301,fx22,DRB1*01:01
fx5_DRB1*01:01,0.0625,0.10718954248366012,0.0625,0.10718954248366012,fx5,DRB1*01:01
gx2_DRB1*01:01,0.0,0.12026143790849673,0.0,0.12026143790849673,gx2,DRB1*01:01
phad_DRB1*01:01,0.375,0.4522875816993464,0.375,0.4522875816993464,phad,DRB1*01:01
t20_DRB1*01:01,0.09375,0.09019607843137255,0.09375,0.09019607843137255,t20,DRB1*01:01
wx1_DRB1*01:01,0.1875,0.25359477124183005,0.1875,0.25359477124183005,wx1,DRB1*01:01
fx1_DRB1*01:02,0.043478260869565216,0.03617571059431524,0.043478260869565216,0.03617571059431524,fx1,DRB1*01:02
fx2_DRB1*01:02,0.2608695652173913,0.18733850129198967,0.2608695652173913,0.18733850129198967,fx2,DRB1*01:02
fx22_DRB1*01:02,0.08695652173913043,0.06330749354005168,0.08695652173913043,0.06330749354005168,fx22,DRB1*01:02
fx5_DRB1*01:02,0.08695652173913043,0.10594315245478036,0.08695652173913043,0.10594315245478036,fx5,DRB1*01:02
gx2_DRB1*01:02,0.21739130434782608,0.1124031007751938,0.21739130434782608,0.1124031007751938,gx2,DRB1*01:02
phad_DRB1*01:02,0.6086956521739131,0.4444444444444444,0.6086956521739131,0.4444444444444444,phad,DRB1*01:02
t20_DRB1*01:02,0.08695652173913043,0.09043927648578812,0.08695652173913043,0.09043927648578812,t20,DRB1*01:02
wx1_DRB1*01:02,0.43478260869565216,0.2454780361757106,0.43478260869565216,0.2454780361757106,wx1,DRB1*01:02
fx1_DRB1*03:01,0.0425531914893617,0.033807829181494664,0.0425531914893617,0.033807829181494664,fx1,DRB1*03:01
fx2_DRB1*03:01,0.19148936170212766,0.18861209964412812,0.19148936170212766,0.18861209964412812,fx2,DRB1*03:01
fx22_DRB1*03:01,0.06382978723404255,0.06405693950177936,0.06382978723404255,0.06405693950177936,fx22,DRB1*03:01
fx5_DRB1*03:01,0.10212765957446808,0.10676156583629894,0.10212765957446808,0.10676156583629894,fx5,DRB1*03:01
gx2_DRB1*03:01,0.12340425531914893,0.11209964412811388,0.12340425531914893,0.11209964412811388,gx2,DRB1*03:01
phad_DRB1*03:01,0.44680851063829785,0.4501779359430605,0.44680851063829785,0.4501779359430605,phad,DRB1*03:01
t20_DRB1*03:01,0.07659574468085106,0.09608540925266904,0.07659574468085106,0.09608540925266904,t20,DRB1*03:01
wx1_DRB1*03:01,0.20851063829787234,0.26868327402135234,0.20851063829787234,0.26868327402135234,wx1,DRB1*03:01
fx1_DRB1*03:02,0.0,0.037516170763260026,0.0,0.037516170763260026,fx1,DRB1*03:02
fx2_DRB1*03:02,0.16666666666666666,0.19016817593790428,0.16666666666666666,0.19016817593790428,fx2,DRB1*03:02
fx22_DRB1*03:02,0.041666666666666664,0.0646830530401035,0.041666666666666664,0.0646830530401035,fx22,DRB1*03:02
fx5_DRB1*03:02,0.125,0.10478654592496765,0.125,0.10478654592496765,fx5,DRB1*03:02
gx2_DRB1*03:02,0.08333333333333333,0.11642949547218628,0.08333333333333333,0.11642949547218628,gx2,DRB1*03:02
phad_DRB1*03:02,0.375,0.4514877102199224,0.375,0.4514877102199224,phad,DRB1*03:02
t20_DRB1*03:02,0.041666666666666664,0.09184993531694696,0.041666666666666664,0.09184993531694696,t20,DRB1*03:02
wx1_DRB1*03:02,0.20833333333333334,0.2522639068564036,0.20833333333333334,0.2522639068564036,wx1,DRB1*03:02
fx1_DRB1*04:02,0.0,0.03972602739726028,0.0,0.039780521262002745,fx1,DRB1*04:02
fx2_DRB1*04:02,0.16417910447761194,0.1917808219178082,0.17647058823529413,0.1906721536351166,fx2,DRB1*04:02
fx22_DRB1*04:02,0.029850746268656716,0.06712328767123288,0.04411764705882353,0.06584362139917696,fx22,DRB1*04:02
fx5_DRB1*04:02,0.05970149253731343,0.1095890410958904,0.058823529411764705,0.10973936899862825,fx5,DRB1*04:02
gx2_DRB1*04:02,0.08955223880597014,0.1178082191780822,0.10294117647058823,0.11659807956104253,gx2,DRB1*04:02
phad_DRB1*04:02,0.43283582089552236,0.4506849315068493,0.4411764705882353,0.4499314128943759,phad,DRB1*04:02
t20_DRB1*04:02,0.029850746268656716,0.0958904109589041,0.029411764705882353,0.09602194787379972,t20,DRB1*04:02
wx1_DRB1*04:02,0.22388059701492538,0.2534246575342466,0.23529411764705882,0.252400548696845,wx1,DRB1*04:02
fx1_DRB1*04:03,0.011627906976744186,0.03938115330520394,0.011494252873563218,0.03943661971830986,fx1,DRB1*04:03
fx2_DRB1*04:03,0.16279069767441862,0.19268635724331926,0.16091954022988506,0.19295774647887323,fx2,DRB1*04:03
fx22_DRB1*04:03,0.023255813953488372,0.06891701828410689,0.022988505747126436,0.06901408450704226,fx22,DRB1*04:03
fx5_DRB1*04:03,0.03488372093023256,0.11392405063291139,0.034482758620689655,0.11408450704225352,fx5,DRB1*04:03
gx2_DRB1*04:03,0.05813953488372093,0.12236286919831224,0.05747126436781609,0.12253521126760564,gx2,DRB1*04:03
phad_DRB1*04:03,0.38372093023255816,0.4571026722925457,0.3793103448275862,0.45774647887323944,phad,DRB1*04:03
t20_DRB1*04:03,0.03488372093023256,0.0970464135021097,0.034482758620689655,0.09718309859154929,t20,DRB1*04:03
wx1_DRB1*04:03,0.20930232558139536,0.2559774964838256,0.21839080459770116,0.2549295774647887,wx1,DRB1*04:03
fx1_DRB1*04:05,0.037037037037037035,0.03636363636363636,0.037037037037037035,0.03636363636363636,fx1,DRB1*04:05
fx2_DRB1*04:05,0.25925925925925924,0.18701298701298702,0.25925925925925924,0.18701298701298702,fx2,DRB1*04:05
fx22_DRB1*04:05,0.07407407407407407,0.06363636363636363,0.07407407407407407,0.06363636363636363,fx22,DRB1*04:05
fx5_DRB1*04:05,0.1111111111111111,0.10519480519480519,0.1111111111111111,0.10519480519480519,fx5,DRB1*04:05
gx2_DRB1*04:05,0.1111111111111111,0.11558441558441558,0.1111111111111111,0.11558441558441558,gx2,DRB1*04:05
phad_DRB1*04:05,0.5925925925925926,0.44415584415584414,0.5925925925925926,0.44415584415584414,phad,DRB1*04:05
t20_DRB1*04:05,0.1111111111111111,0.08961038961038961,0.1111111111111111,0.08961038961038961,t20,DRB1*04:05
wx1_DRB1*04:05,0.37037037037037035,0.24675324675324675,0.37037037037037035,0.24675324675324675,wx1,DRB1*04:05
fx1_DRB1*07:01,0.0375,0.03590664272890485,0.039525691699604744,0.034926470588235295,fx1,DRB1*07:01
fx2_DRB1*07:01,0.225,0.1741472172351885,0.22529644268774704,0.17279411764705882,fx2,DRB1*07:01
fx22_DRB1*07:01,0.09583333333333334,0.05026929982046679,0.09486166007905138,0.04963235294117647,fx22,DRB1*07:01
fx5_DRB1*07:01,0.125,0.09694793536804308,0.12648221343873517,0.09558823529411764,fx5,DRB1*07:01
gx2_DRB1*07:01,0.13333333333333333,0.10771992818671454,0.13043478260869565,0.10845588235294118,gx2,DRB1*07:01
phad_DRB1*07:01,0.5208333333333334,0.41831238779174146,0.5217391304347826,0.41544117647058826,phad,DRB1*07:01
t20_DRB1*07:01,0.12083333333333333,0.07719928186714542,0.11857707509881422,0.07720588235294118,t20,DRB1*07:01
wx1_DRB1*07:01,0.29583333333333334,0.23159784560143626,0.2964426877470356,0.22977941176470587,wx1,DRB1*07:01
fx1_DRB1*08:04,0.0,0.037275064267352186,0.0,0.037275064267352186,fx1,DRB1*08:04
fx2_DRB1*08:04,0.15789473684210525,0.19023136246786632,0.15789473684210525,0.19023136246786632,fx2,DRB1*08:04
fx22_DRB1*08:04,0.0,0.06555269922879177,0.0,0.06555269922879177,fx22,DRB1*08:04
fx5_DRB1*08:04,0.05263157894736842,0.10668380462724936,0.05263157894736842,0.10668380462724936,fx5,DRB1*08:04
gx2_DRB1*08:04,0.05263157894736842,0.11696658097686376,0.05263157894736842,0.11696658097686376,gx2,DRB1*08:04
phad_DRB1*08:04,0.5263157894736842,0.4473007712082262,0.5263157894736842,0.4473007712082262,phad,DRB1*08:04
t20_DRB1*08:04,0.05263157894736842,0.09125964010282776,0.05263157894736842,0.09125964010282776,t20,DRB1*08:04
wx1_DRB1*08:04,0.21052631578947367,0.2519280205655527,0.21052631578947367,0.2519280205655527,wx1,DRB1*08:04
fx1_DRB1*10:01,0.024390243902439025,0.037037037037037035,0.024390243902439025,0.037037037037037035,fx1,DRB1*10:01
fx2_DRB1*10:01,0.3170731707317073,0.18253968253968253,0.3170731707317073,0.18253968253968253,fx2,DRB1*10:01
fx22_DRB1*10:01,0.07317073170731707,0.06349206349206349,0.07317073170731707,0.06349206349206349,fx22,DRB1*10:01
fx5_DRB1*10:01,0.12195121951219512,0.10449735449735449,0.12195121951219512,0.10449735449735449,fx5,DRB1*10:01
gx2_DRB1*10:01,0.17073170731707318,0.11243386243386243,0.17073170731707318,0.11243386243386243,gx2,DRB1*10:01
phad_DRB1*10:01,0.6341463414634146,0.43915343915343913,0.6341463414634146,0.43915343915343913,phad,DRB1*10:01
t20_DRB1*10:01,0.07317073170731707,0.09126984126984126,0.07317073170731707,0.09126984126984126,t20,DRB1*10:01
wx1_DRB1*10:01,0.2682926829268293,0.25,0.2682926829268293,0.25,wx1,DRB1*10:01
fx1_DRB1*11:01,0.06779661016949153,0.03387533875338753,0.06666666666666667,0.033921302578018994,fx1,DRB1*11:01
fx2_DRB1*11:01,0.2711864406779661,0.18292682926829268,0.26666666666666666,0.18317503392130258,fx2,DRB1*11:01
fx22_DRB1*11:01,0.15254237288135594,0.056910569105691054,0.15,0.05698778833107191,fx22,DRB1*11:01
fx5_DRB1*11:01,0.2542372881355932,0.09349593495934959,0.25,0.09362279511533243,fx5,DRB1*11:01
gx2_DRB1*11:01,0.15254237288135594,0.11246612466124661,0.15,0.11261872455902307,gx2,DRB1*11:01
phad_DRB1*11:01,0.4915254237288136,0.44579945799457993,0.48333333333333334,0.44640434192673,phad,DRB1*11:01
t20_DRB1*11:01,0.1016949152542373,0.08943089430894309,0.1,0.08955223880597014,t20,DRB1*11:01
wx1_DRB1*11:01,0.23728813559322035,0.25203252032520324,0.23333333333333334,0.25237449118046135,wx1,DRB1*11:01
fx1_DRB1*11:04,0.0,0.03856382978723404,0.0,0.03856382978723404,fx1,DRB1*11:04
fx2_DRB1*11:04,0.15555555555555556,0.19148936170212766,0.15555555555555556,0.19148936170212766,fx2,DRB1*11:04
fx22_DRB1*11:04,0.044444444444444446,0.06515957446808511,0.044444444444444446,0.06515957446808511,fx22,DRB1*11:04
fx5_DRB1*11:04,0.06666666666666667,0.1077127659574468,0.06666666666666667,0.1077127659574468,fx5,DRB1*11:04
gx2_DRB1*11:04,0.1111111111111111,0.11569148936170212,0.1111111111111111,0.11569148936170212,gx2,DRB1*11:04
phad_DRB1*11:04,0.17777777777777778,0.4654255319148936,0.17777777777777778,0.4654255319148936,phad,DRB1*11:04
t20_DRB1*11:04,0.044444444444444446,0.09308510638297872,0.044444444444444446,0.09308510638297872,t20,DRB1*11:04
wx1_DRB1*11:04,0.08888888888888889,0.26063829787234044,0.08888888888888889,0.26063829787234044,wx1,DRB1*11:04
fx1_DRB1*13:01,0.09259259259259259,0.03230148048452221,0.09259259259259259,0.03230148048452221,fx1,DRB1*13:01
fx2_DRB1*13:01,0.2777777777777778,0.18304172274562583,0.2777777777777778,0.18304172274562583,fx2,DRB1*13:01
fx22_DRB1*13:01,0.12962962962962962,0.059219380888290714,0.12962962962962962,0.059219380888290714,fx22,DRB1*13:01
fx5_DRB1*13:01,0.14814814814814814,0.10228802153432032,0.14814814814814814,0.10228802153432032,fx5,DRB1*13:01
gx2_DRB1*13:01,0.18518518518518517,0.11036339165545088,0.18518518518518517,0.11036339165545088,gx2,DRB1*13:01
phad_DRB1*13:01,0.6111111111111112,0.43741588156123823,0.6111111111111112,0.43741588156123823,phad,DRB1*13:01
t20_DRB1*13:01,0.2037037037037037,0.08209959623149395,0.2037037037037037,0.08209959623149395,t20,DRB1*13:01
wx1_DRB1*13:01,0.3888888888888889,0.24091520861372812,0.3888888888888889,0.24091520861372812,wx1,DRB1*13:01
fx1_DRB1*13:02,0.016666666666666666,0.037991858887381276,0.016666666666666666,0.037991858887381276,fx1,DRB1*13:02
fx2_DRB1*13:02,0.2,0.18860244233378562,0.2,0.18860244233378562,fx2,DRB1*13:02
fx22_DRB1*13:02,0.03333333333333333,0.06648575305291723,0.03333333333333333,0.06648575305291723,fx22,DRB1*13:02
fx5_DRB1*13:02,0.1,0.10583446404341927,0.1,0.10583446404341927,fx5,DRB1*13:02
gx2_DRB1*13:02,0.08333333333333333,0.11804613297150611,0.08333333333333333,0.11804613297150611,gx2,DRB1*13:02
phad_DRB1*13:02,0.5666666666666667,0.4396200814111262,0.5666666666666667,0.4396200814111262,phad,DRB1*13:02
t20_DRB1*13:02,0.11666666666666667,0.08819538670284939,0.11666666666666667,0.08819538670284939,t20,DRB1*13:02
wx1_DRB1*13:02,0.21666666666666667,0.2537313432835821,0.21666666666666667,0.2537313432835821,wx1,DRB1*13:02
fx1_DRB1*13:03,0.05263157894736842,0.03598971722365039,0.05263157894736842,0.03598971722365039,fx1,DRB1*13:03
fx2_DRB1*13:03,0.21052631578947367,0.18894601542416453,0.15789473684210525,0.19023136246786632,fx2,DRB1*13:03
fx22_DRB1*13:03,0.05263157894736842,0.06426735218508997,0.05263157894736842,0.06426735218508997,fx22,DRB1*13:03
fx5_DRB1*13:03,0.10526315789473684,0.10539845758354756,0.10526315789473684,0.10539845758354756,fx5,DRB1*13:03
gx2_DRB1*13:03,0.10526315789473684,0.11568123393316196,0.10526315789473684,0.11568123393316196,gx2,DRB1*13:03
phad_DRB1*13:03,0.3684210526315789,0.45115681233933164,0.3157894736842105,0.4524421593830334,phad,DRB1*13:03
t20_DRB1*13:03,0.05263157894736842,0.09125964010282776,0.05263157894736842,0.09125964010282776,t20,DRB1*13:03
wx1_DRB1*13:03,0.15789473684210525,0.2532133676092545,0.15789473684210525,0.2532133676092545,wx1,DRB1*13:03
fx1_DRB1*15:01,0.06976744186046512,0.03234880450070324,0.06976744186046512,0.03234880450070324,fx1,DRB1*15:01
fx2_DRB1*15:01,0.16279069767441862,0.19268635724331926,0.16279069767441862,0.19268635724331926,fx2,DRB1*15:01
fx22_DRB1*15:01,0.046511627906976744,0.06610407876230662,0.046511627906976744,0.06610407876230662,fx22,DRB1*15:01
fx5_DRB1*15:01,0.08139534883720931,0.10829817158931083,0.08139534883720931,0.10829817158931083,fx5,DRB1*15:01
gx2_DRB1*15:01,0.10465116279069768,0.11673699015471167,0.10465116279069768,0.11673699015471167,gx2,DRB1*15:01
phad_DRB1*15:01,0.3953488372093023,0.45569620253164556,0.3953488372093023,0.45569620253164556,phad,DRB1*15:01
t20_DRB1*15:01,0.09302325581395349,0.090014064697609,0.09302325581395349,0.090014064697609,t20,DRB1*15:01
wx1_DRB1*15:01,0.2558139534883721,0.25035161744022505,0.2558139534883721,0.25035161744022505,wx1,DRB1*15:01
fx1_DRB1*15:02,0.0,0.037760416666666664,0.0,0.0377113133940182,fx1,DRB1*15:02
fx2_DRB1*15:02,0.034482758620689655,0.1953125,0.03571428571428571,0.19505851755526657,fx2,DRB1*15:02
fx22_DRB1*15:02,0.0,0.06640625,0.0,0.06631989596879063,fx22,DRB1*15:02
fx5_DRB1*15:02,0.06896551724137931,0.10677083333333333,0.07142857142857142,0.10663198959687907,fx5,DRB1*15:02
gx2_DRB1*15:02,0.06896551724137931,0.1171875,0.07142857142857142,0.11703511053315994,gx2,DRB1*15:02
phad_DRB1*15:02,0.4827586206896552,0.4479166666666667,0.4642857142857143,0.4486345903771131,phad,DRB1*15:02
t20_DRB1*15:02,0.034482758620689655,0.09244791666666667,0.03571428571428571,0.09232769830949285,t20,DRB1*15:02
wx1_DRB1*15:02,0.1724137931034483,0.25390625,0.17857142857142858,0.2535760728218466,wx1,DRB1*15:02
fx1_DRB1*15:03,0.1111111111111111,0.03465982028241335,0.1111111111111111,0.03465982028241335,fx1,DRB1*15:03
fx2_DRB1*15:03,0.05555555555555555,0.1925545571245186,0.05555555555555555,0.1925545571245186,fx2,DRB1*15:03
fx22_DRB1*15:03,0.16666666666666666,0.06161745827984596,0.16666666666666666,0.06161745827984596,fx22,DRB1*15:03
fx5_DRB1*15:03,0.2222222222222222,0.10269576379974327,0.2222222222222222,0.10269576379974327,fx5,DRB1*15:03
gx2_DRB1*15:03,0.2222222222222222,0.11296534017971759,0.2222222222222222,0.11296534017971759,gx2,DRB1*15:03
phad_DRB1*15:03,0.5,0.44801026957637996,0.5,0.44801026957637996,phad,DRB1*15:03
t20_DRB1*15:03,0.16666666666666666,0.08857509627727857,0.16666666666666666,0.08857509627727857,t20,DRB1*15:03
wx1_DRB1*15:03,0.3333333333333333,0.2490372272143774,0.3333333333333333,0.2490372272143774,wx1,DRB1*15:03
fx1_DRB1*16:01,0.06976744186046512,0.034482758620689655,0.07142857142857142,0.03443708609271523,fx1,DRB1*16:01
fx2_DRB1*16:01,0.16279069767441862,0.1909814323607427,0.16666666666666666,0.19072847682119207,fx2,DRB1*16:01
fx22_DRB1*16:01,0.09302325581395349,0.0623342175066313,0.09523809523809523,0.06225165562913907,fx22,DRB1*16:01
fx5_DRB1*16:01,0.11627906976744186,0.10477453580901856,0.11904761904761904,0.10463576158940398,fx5,DRB1*16:01
gx2_DRB1*16:01,0.13953488372093023,0.11405835543766578,0.14285714285714285,0.11390728476821192,gx2,DRB1*16:01
phad_DRB1*16:01,0.3488372093023256,0.45490716180371354,0.3333333333333333,0.4556291390728477,phad,DRB1*16:01
t20_DRB1*16:01,0.11627906976744186,0.08885941644562334,0.11904761904761904,0.08874172185430464,t20,DRB1*16:01
wx1_DRB1*16:01,0.2558139534883721,0.2506631299734748,0.23809523809523808,0.25165562913907286,wx1,DRB1*16:01
fx1_DRB1*16:02,0.038461538461538464,0.0358814352574103,0.03773584905660377,0.03605015673981191,fx1,DRB1*16:02
fx2_DRB1*16:02,0.10897435897435898,0.20904836193447737,0.11320754716981132,0.2084639498432602,fx2,DRB1*16:02
fx22_DRB1*16:02,0.04487179487179487,0.0686427457098284,0.0440251572327044,0.06896551724137931,fx22,DRB1*16:02
fx5_DRB1*16:02,0.08974358974358974,0.10920436817472699,0.0880503144654088,0.109717868338558,fx5,DRB1*16:02
gx2_DRB1*16:02,0.08974358974358974,0.12168486739469579,0.09433962264150944,0.1206896551724138,gx2,DRB1*16:02
phad_DRB1*16:02,0.358974358974359,0.4711388455538221,0.36477987421383645,0.4702194357366771,phad,DRB1*16:02
t20_DRB1*16:02,0.08333333333333333,0.09204368174726989,0.0880503144654088,0.09090909090909091,t20,DRB1*16:02
wx1_DRB1*16:02,0.25,0.25117004680187205,0.25157232704402516,0.2507836990595611,wx1,DRB1*16:02
